text,label
"民眾透過臉書、LINE或知名拍賣網站從事網路購物，詐騙集團便利用當前最新款的3C產品、限量球鞋、名牌包或熱門演唱會門票等，以明顯低於市價之價格誘引民眾下單並要求以LINE或Messenger私下交易。等被害人匯款後卻不出貨，且失去聯繫；或以貨到付款方式取貨開箱後，才發現是劣質商品。",1
"網購商品應慎選優良有信用之網路商家，透過面交方式或選擇提供第三方支付之網購平臺，以保障雙方權益並減少消費糾紛。避免透過LINE、Messenger等通訊軟體與賣家私下聯繫交易，以免求助無門。應加強查核網路商家的真實性，如粉絲專頁成立時間短、粉絲或追蹤人數過少等，可立即至經濟部網站查詢公司名稱、地址等基本資料。",0
"詐騙集團透過網路社群或交友軟體主動認識被害人，並假借股票、虛擬通貨、期貨、外匯及基金等名義，吸引民眾加入LINE投資群組，初期會先讓民眾小額獲利，再以資金越多獲利越多說詞，引誘民眾加入投資網站或下載APP並投入大量資金，後續再以洗碼量不足、繳保證金、IP異常等理由拒絕出金，民眾發現帳號遭凍結或網站關閉才發現遭詐。",1
"高獲利必定伴隨高風險，聽到「保證獲利」、「穩賺不賠」必定是詐騙，民眾應選擇自己有深入瞭解過的投資標的，不要輕信來源不明投資管道或網路連結，如遇到加「LINE」進行投資必為詐騙。「165防騙宣導」LINE官方帳號及165全民防騙網可查詢詐騙LINE ID、假投資(博弈)網站及詐騙電話，同時與「165全民防騙」臉書粉絲專頁每週公布投資詐騙網站，提供民眾即時掌握最新詐騙訊息，或可至投信投顧公會網站(www.sitca.org.tw)查詢合法投資管道。",0
"詐騙集團攻擊資安防護不足電子商務平臺或基金會之後臺資料庫，取得民眾的交易紀錄與個資，再假冒商家或基金會與銀行來電，謊稱因設定錯誤，將重複扣款，要求民眾操作ATM、網路銀行或至超商購買遊戲點數進行解除設定。民眾依照指示操作後，發現帳戶餘額減少，才知道上當受騙。",1
"接獲陌生來電或境外來電(開頭有+)必須提高警覺，不要因為能明確說出交易明細而相信。接到來電以「誤設為重複扣款」、「升級VIP會員」、「系統出錯」等詐騙關鍵字就要提高警覺，應將電話掛斷後，自行查詢客服電話並撥打確認，或撥打165反詐騙諮詢專線諮詢。ATM只能「提款」與「轉帳」功能，不能解除分期付款或退款；遊戲點數亦只有儲值遊戲之功能，並無法解除任何設定或身分識別。",0
"詐騙集團透過社群網站或交友軟體等管道隨機加好友，並盜用網路上帥哥、美女照片，假冒戰地軍官、軍醫、服務於聯合國官員，讓民眾誤入情網，再以境外寄送跨境包裹、禮物需要關稅或儲存結婚基金介紹投資管道等方式詐騙民眾匯款，直到遭對方封鎖才知道受騙。",1
"接獲陌生人要求加好友，切勿在言談間透露太多個人資訊，避免個人資訊遭盜用。)沒見過面的網友要求匯錢時，務必提高警覺，可要求開視訊聯繫通話確認本人身份，勿輕易將金錢交付他人。",0
"詐騙集團假冒「兒女」、「親戚」或「多年不見的友人」，透過電話或通訊軟體(如LINE)與民眾聯繫，並以換過手機所以不是原來的號碼、暱稱等方式要求民眾加入新手機號碼或LINE ID，過幾天後再以臨時急用、投資周轉等理由詐騙民眾匯款，事後民眾聯絡到當事人確認無此事後才知道被騙。",1
"接到以親友名義來電借錢，務必以舊有電話向當事人親自確認，切勿貿然前往銀行匯款，以免遭詐騙。提供的匯款帳戶名稱與親友本人名字不同，詐騙的可能性將大幅提高，更應主動查證。可與親友約定專屬密語，做為懷疑對方身分時的確認。",0
"詐騙集團假冒健保局、醫院及中華電信或其他公務機關撥打市內電話予民眾，用語音的方式引導被害人轉接客服人員，並以被害人遭冒用身分辦理開戶、請領健保補助或申辦門號為由，主動協助轉接警察機關製作筆錄，另告知涉及洗錢或其他刑事案件，強調偵查不公開勿告知親友，再要求民眾至超商收取傳真或以LINE傳送法院偽造公文取信被害人，須被害人配合監管帳戶等話術行騙得逞。",1
"聽到「遭冒用身分」、「偵查不公開」、「接收法院偽造公文」、「監管帳戶」等關鍵字，就是假冒機構(公務員)詐騙。接獲陌生來電告知涉入刑案或收到疑為政府機關公文書，應小心求證，先詢問對方單位、職稱、姓名等，掛斷電話後再向該單位求證。警察機關不會在電話中做筆錄，檢警調等單位處理司法案件，會以通知書通知涉案人到案說明或至指定機關繳交款項。",0
"於報章雜誌或網路訊息刊登求職訊息誘騙民眾，再以設定薪資轉帳等名義騙取被害人之金融帳戶及密碼，續遭詐騙集團作為人頭帳戶之用。刊登求職廣告向應徵者騙取訂金、保證金、治裝費、訓練費或替代保證金。利用社群網站或交友軟體刊登出國高薪打工等不實廣告，利用面試時機強行帶往銀行開戶並設定約定轉帳啟用網路銀行等功能，或以簽約出借帳戶或給付每日報酬為由，控制被害人人身自由，拘禁於民宅或旅館內，藉此取得並利用被害人銀行帳戶收取詐騙款項。",1
"合法公司徵才求職不會透過網路訊息貼文，更不會以私人帳號發訊息。切勿聽從指示申辦個人約定帳戶，對於個人銀行帳戶、網路銀行帳號密碼等，應自行妥善保管，絕對不可交付陌生人。對網路徵才公司多查、多問、多存疑，可去電確認真偽，面試前先告知家人朋友行蹤，簽訂工作合約前務必詳閱內容，如有疑慮的契約不要簽，以保護自身安全。如若自身或家人遇有類似情形，請即向我國各駐外領使館處尋求協助或撥打急難救助電話0800-085095，並儘速就近向警察機關報案",0
"詐騙集團盜取民眾LINE、Facebook等社群軟體帳號，再以盜用帳號傳訊息給其親友：(一)朋友參加攝影比賽，麻煩幫忙投票WWW.XXXX.COM？(二)手機送修，麻煩提供手機號碼，以便接收簡訊認證碼…(三)剛才出車禍急需用錢，可以匯款給我嗎？(四)現在不方便繳錢或匯款，可以幫忙嗎？(五)現在不方便買點數卡，可以幫忙買張點數卡嗎？",1
"當朋友傳送訊息要求協助匯款或代購遊戲點數時，務必提高警覺，撥通電話再行確認。多組帳號勿使用同組密碼，避免因其中一組帳號遭破解而其他帳號都被盜用，並應定期更改密碼。避免在公用電腦登入私人帳號密碼。如果訊息中帶有不明連結，請先向發送訊息的朋友確認。勿下載來源不明或非官方認證應用程式，以免個資外洩。",0
"近期「拍賣平臺個人賣家」遭詐騙之案件亦有增加趨勢，其詐騙手法係由歹徒假冒買家，並利用臉書Messenger或拍賣平臺聊天系統聯繫被害人，隨後要求加入LINE以進行聯繫，再以「無法下單」或「金流遭到凍結」等藉口，給予假拍賣平臺客服連結、QR Code或LINE ID，再假冒客服人員以「賣家未認證或簽署金流協定」等話術，騙取民眾銀行帳戶資訊，並以認證或簽署等名義，要求民眾操作ATM或網路銀行將被害款項匯出；不論詐騙對象為買家或賣家，歹徒皆係以「話術」使民眾誤信為電商平臺客服人員，進而依指示操作匯款受騙。",1
"迎接新鮮人畢業求職季，神腦六月推出夏殺購神慶，多款精品家電0元起，熱銷手機加碼折價，新辦攜碼再送購物金，洽：太平中興店04-22777979
夏日限時優惠＞一起FUN暑假迎好禮，購買指定機款專案加碼贈2000點Hami Point，神腦太平中興店感謝您的支持！04-22777979
夏殺購神慶～暑假出遊爆品5折起，父親節超值好禮全面優惠中！快來神腦太平中興店幫爸爸挑禮物吧～ https://reurl.cc/M8gy54",0
"一名陳姓男子在網路上與暱稱「雨琪」之女子結識，雨琪每天對陳男噓寒問暖，還互稱老婆、老公，陳男被愛情沖昏頭，對雨琪百依百順，某天雨琪邀請陳男投資虛擬貨幣，陳男便至銀行欲臨櫃匯款，惟對匯款對象描述含糊不清",1
"虛擬貨幣屬於高風險投資商品，投資前請謹慎小心。投資虛擬貨幣，可至「etherscan、tronscan」等網站查詢該幣是否上鏈。確認虛擬貨幣交易是否能正常出、入金。有任何疑慮可撥打165反詐騙專線洽詢。",0
"臉書社群上出現了魏哲家的各式粉專，試圖以教學投資進行詐騙，以帳戶、交易、收款、收款通知書、收款單、收款憑證、收款證明書、收款凭證像是財信傳媒董事長謝金河、作家吳淡如等",1
"台積公司董事長暨總裁魏哲家及經營團隊、創辦人張忠謀博士及其夫人、台積電慈善基金會董事長張淑芬女士，3人都沒有用個人身份經營任何公開社群帳號，也沒參與任何投資、股票買賣相關的公開團體，呼籲大家看到相關廣告別上當，同事也對冒用者喊話，公司將保留法律追訴權",0
"009442030510 機構公務員 ，+88622383100 國泰世華銀行，+18862774146 機構公務員詐財 ，+886256766255 拍賣賣家 ，+886226553355 台新銀行 ，+886255941002 拍賣賣家 ，+886229366866 兆豐國際商業銀 ，+18662753866 拍賣賣家 ，+227458080 中國信託商業銀行，+886227457575 機構公務員 ",1
"如接獲來電顯示開頭帶「+」號、「+02」、「+886」等號碼，電話中或文字對談如公布113年第二季高風險業者排名，提醒消費者慎防詐騙-圖檔提到關鍵字「解除分期付款設定」、「金流驗證」、「誠信簽署」、「重複扣款」及「升級VIP」等關鍵字，請立即掛斷，並通報165反詐騙諮詢專線。",0
"只需幾分鐘，保證賺大錢！",1
"迎接新鮮人畢業求職季，神腦六月推出夏殺購神慶，多款精品家電0元起，熱銷手機加碼折價，新辦攜碼再送購物金，洽：太平中興店04-22777979，夏日限時優惠＞一起FUN暑假迎好禮，購買指定機款專案加碼贈2000點Hami Point，神腦太平中興店感謝您的支持！04-22777979，夏殺購神慶～暑假出遊爆品5折起，父親節超值好禮全面優惠中！快來神腦太平中興店幫爸爸挑禮物吧～ https://reurl.cc/M8gy54",0
"立即加入，賺取每日被動收入！",1
"神腦太平中興店9/15-9/17中秋商圈慶，空機爆殺57折起，家電破盤價再9折，限時專案> https://reurl.cc/VLyrdZ，【年終最後一檔】神腦雙12年終盛典，凡購買指定筆電、遊戲機加1,212元起，ACER護眼螢幕超值帶回家!洽太平中興店04-22777979，母親節必買攻略！神腦太平中興店精選獻禮→手機、保健、家電限時優惠5折起！感恩價搶先看 https://bit.ly/4ab5y1y",0
"限時優惠，錯過不再！",1
"全台15大熱門夜市🧋，消費就送5張優惠券！滿$30再抽最高66點✨▼今晚就去逛夜市▼，https://lin.ee/Ic8raTQ/qlah/MapOAP",0
"我們的會員都賺翻了，你也可以！",1
"巷仔內美食名店，你吃過了嗎🍴，滿$50送紅包+85折優惠券✨，米其林推薦、人氣台式餐廳、和牛燒肉、日式拉麵 ，▶️https://lin.ee/BKMwEyZ/qlah/mapoa",0
"保證無風險，100%回報！",1
"【ibon mobile繳款提醒】您的帳單繳費截止日：113/09/05，若未繳納，請使用OPENPOINT APP條碼或至7-11門市ibon列印繳費單繳費，如已繳納，請忽略此提醒！",0
"只需投資小額資金，短時間內翻倍！",1
"【貓爾地夫】 中元補貨節 活動倒數！❶下單就送1包40g主食餐包 ❷單筆滿2千/4千，送$100/$200購物金 ❸單筆滿6千，再送3包150g主食餐包，購物車還有【健康嘗鮮超值加購組】，活動到8/27中午止！ 歡迎前往選購https://shln.me/kL/PqjzI",0
"專家推薦，不容錯過的機會！",1
"【國泰證券交割款通知】某某某小姐，您08/19的交割款仍不足1278元。請務必於08/19上午10點前，將款項存入帳號後4碼為11234的交割帳戶。若您已存入足額款項，請忽略此訊息。有任何疑問請洽02-77326888按8，將有專人為您服務。如果您有資金之需求可逕洽國泰世華銀行辦理https://cathaysec.tw/O0EKKDp，切莫透過代辦公司或登入不明網站，以免受騙。",0
"點擊這裡獲取免費獎品！",1
"蝦皮購物交貨便代碼H30994368330已送達7-11興生門市，請於2024/08/27前攜帶有效證件完成取貨，謝謝!",0
"名額有限，先到先得！",1
"那個，今天是個大日子 你知道嗎🫨，可不可森有趣 一起做伙Cheers!\KEBUKE●CASETiFY●noii noii/ 三方重磅聯名今日登場😎，蘋果森林樂園🌲活動重點攻略⭐️ 攻略一 ▸ 超Q聯名杯身杯膜，4款角色杯身 𝙭 4款特色杯膜，怎麼喝怎麼可愛😍⭐️ 攻略二 ▸ 期間限定蘋果飲品🍎，特等獎茶師監製【紅玉熟成】，▸ 北北基、百貨｜𝗠$𝟰𝟬 / 𝗟$𝟰𝟱，▸ 中南部、一般｜𝗠$𝟯𝟱 / 𝗟$𝟰𝟬，熱銷復刻回歸 【茉玉春蘋】，▸ 北北基、百貨｜𝗠$𝟲𝟱 / 𝗟$𝟳𝟱，▸ 中南部、一般｜𝗠$𝟲𝟬 / 𝗟$𝟳𝟬，⭐️ 攻略三 ▸ (hoo)da聯名環保杯，700ml超Q設計 附贈彈跳粗吸管🤩，全台門市與官方商城 同步販售，綁定K'LUB好友 享受更多會員活動，Cheers! Good old times💫",0
"只需提供您的資料，即可獲得專屬優惠！",1
"H您好！歡迎你加入POP MART 泡泡瑪特官方帳號!此官方帳號將定期發放最新資訊給您(love letter)敬請期待(hands forming heart)本帳號目前為機器人自動回覆，如需客服服務，請至官方臉書私訊，謝謝!",0
"中華電信：會員回饋提示，您的賬戶5340積分將於今日內到期，逾期將作廢，請及時兌換獎品： https://a.www.chtkonnm.top/ 請回复1激活鏈接領取",1
"【國泰金融】提醒您已獲10-300萬新台幣借款資格。每一萬塊月利息只需60塊。月繳無壓力！無需照會，無需保人，沒有手續費。當天辦理當天入賬！20年網絡口碑第一貸款公司。添加信貸專員LINE： dy88672免費咨詢改善財務問題",1
"【 永豐信貸 】提醒您已獲10-300萬新台幣借款資格。每一萬塊月利息只需30塊。月繳無壓力！無需照會，無需保人，沒有手續費。當天辦理當天入賬！20年網絡口碑第一貸款公司。添加信貸專員免費咨詢改善財務問題LINE：zsd3829",1
"hi 我是元大綜合證券投信的柯雯靜，有訊息和你核對，加我line：lkx2324",1
"【衛生福利部】您符合條件可提領兩萬元防疫津貼，疫情期間線上申請，複製鏈接到瀏覽器https://tw.hjxgov.com 領取",1
"[衛福部】你的疫情補貼額度2萬已通過，即將過期只能網上領取 點註冊提 https://www.stugov.tv 領 (複製網址到瀏覽器打開)",1
"您好，我是之前與你通聯的投顧李珮兮，公司今日佈局調研標的，添加我LINE領取：lpe51819",1
"信託簡訊：因近幾年本土詐騙盛行和新冠疫情Omicron變種病毒再度趨緊物價指數年增率續創近年新高，經上級研究決定為幫助廣大股民走出虧損困境  公開下週暴漲名單超30趴飙股限時免費領取各股民皆可领取，並贈送投資存股書籍一套領取飆股詳情請聯絡添加LINE：g68898",1
"你好，我是和你打過電話的理財顧問劉小姐，現有一檔票免費送給你唷，添加賴領取：bb-0514",1
"昨日早盤報牌：台揚（2314） 强势上漲 加入賴領取優質個股，提前佈局 聯絡LINE：w933656",1
"【汽燃費逾期徵收通知】您的111年度汽燃費逾期金額 2880元，請於112/04/26 前繳納，https://$84sin.vip/ 回復1開始連結查詢",1
"疫情解封後 隨景氣復甦 各行業開始活躍 優質個股再次表現強勁 3月佈局【5209新鼎】當前已獲利超30趴 4月份台股應如何佈局 點選連結聯絡您的專屬服務顧問免費領取佈局標的 ID：chen091046 連結：https://line.me/ti/p/qfhlr3uq7d",1
"今年是充滿危機的一年，也是將有大收穫的一年，年初佈局【2482連宇】，目前已獲利超60趴，新一輪佈局正在進行，點選連結聯絡您的專屬服務顧問免費領取。ID：line112211 鏈接：https://line.me/ti/p/WcS5b0g3Ib",1
"🦄 台股飆股交流群組限時收新！！週一推薦飆股 虎門科技 6791 強勢漲停，群員全部獲利10趴！！每週推薦2-3檔精選飆股！！每檔預計獲利10趴-30趴！！限時活動可免費加入體驗學習！！想了解，點擊下方連結與我聯絡！！只談論股票，不玩股勿擾！！添加 ID：8889076 連結：https://line.me/ti/p/sdKnktHZuw 🆖",1
"疫情解封後，經濟復甦，各行業開始活躍，優質個股再次表現強勁，年初精選標的【2236百達—KY】，當前已經獲利超40趴；下一檔飆股領取，點選連結聯絡您的專屬服務顧問搶先佈局。ID：sandy920318 鏈接：https://line.me/ti/p/xwKI_3BI3E",1
"🔥新年快樂新年佈局如何跟上上漲超過35%的翻轉人生贏家股？本週明 牌 標 推 薦 添加領取哦❤❤❤ 預 計 每檔獲 利 5趴抓緊時間先得先到 請添加L1ne免費領取：ID：sky032899 連結：https://line.me/ti/p/LfYM6UKHLm",1
"余博士強尼&李智貴醫師博士&蔡凱宙醫師.淺談突刺蛋白44分鐘：打疫苗後，你現在沒事不代表你日後沒事?前三分鐘一定要聽!疫苗比病毒可怕?能夠阻擋一個人去打疫苗就是救了一個人的性命!https://rumble.com/vlx79d-20210831-qa-prions-spike-proteins.html",1
"新北市民拿到5倍卷先不要花，可以等新北市加碼抽獎，有機會變成10000元，但是限定只能紙本且10/31前設籍在新北市才能抽~~網址如下 https://www.economic.ntpc.gov.tw/News/Page/5683",1
"hi 我是元大綜合證券投信的陳佳慧 電話聯絡過您多次 有急事找你麻煩加我一下賴ID ：C66756連結：line.me/ti/p/~C66756",1
"您好 我们是台新證券公司的！我們正在進行頂級股票分析師的投資規劃講解。詳細請加LINE ID：zjy102 連結：https://line.me/ti/p/~zjy102",1
"【 匯豐貸 】提醒您已獲50萬新台幣借款資格。每一萬塊月利息只需60塊。月繳無壓力！無需會，無需保人，沒有手續費。當天辦理當天入賬！19年網絡口碑第一貸款公司。添加信貸專員免費咨詢改善財務問題LINE：hf535",1
"Hi! 我是富盛投信的 張嘉怡 ,有急事找你 麻煩伽我一下賴ID：xq598連結：https://line.me/ti/p/~xq598",1
"你好，我是和你打過電話的理財顧問郭小姐，現有一檔票免費送給你唷賴ID：jt19903",1
"你好，我是之前與你通聯的投顧的蔣小姐，公司今日帶領會員佈局調研標的，添加我領取：賴ID:peggy10255",1
"你好，我是之前與你聯絡大華國際投顧，有事商議麻煩你聯繫我ID:wsf32123",1
"30年金牌投顧 免費 每日群组報明牌 第二天可見損益。價值百萬（主力追踪，每日抓漲停，當衝標的，當日飆股）萬能選股器，一目了然 加LINE就送，讓散戶選股更簡單。Line ID：aa098100",1
"🌹注意：都是免費領取哦，一個人只有一次機會哦，讓你更清楚每一檔票走勢國安基金聯合護盤買入飆股 （ 買入必賺）國安基金聯合護盤買入飆股 （買入必賺）永豐聯合外資、投信飆股領先領取本週戰績：7月18日週一推薦【1514亞力】34.2推薦，獲利8%今日超30趴飆股限時領取買入領取飆股詳情請聯絡Colin 葉分析師助理LINE：joan0234領取飆股詳情請聯絡Colin 葉分析師助理LINE：joan0234",1
"Hi! 我是凱基的周昱婉，有急事找你 麻煩加我一下LINE ID：xuexue8891",1
"你把我賴刪了嗎，還好我有存你的聯絡方式欸，不然都找不到你，加我line有事找你:y66866",1
"【 匯豐貸 】提醒您已獲50萬新台幣借款資格。每一萬塊月只需60塊。月繳無壓力！無需照會，無需保人，沒有手續費。當天辦理當天入賬！19年網絡口碑第一貸款公司。添加信貸專員免費咨詢改善財務問題LINE：fc819",1
"我手機丟失 以前L1NE停用了你添加一下我新L1NE：urlzs.com/ze8RX",1
"渣打客戶您好，您帳號為023200-003866**之新台幣帳戶於10/25有超過等值新台幣10萬元之交易，如有疑問請速洽分行及客服中心",1
"周轉找我 合法公司 實體店面 全省皆可辦理 簡單方便 百分百過件 每天使用的手機皆可辦理 無薪轉勞保可辦理 方便快捷 可借五萬到三百萬 不押車 不押證件 線上辦理 最快十分鐘撥款 免費專業諮詢line：https://line.me/ti/p/Rvzu-mfM6H",1
"找了好久才問到，之前你的聯繫方式不見了！加一下我的LINE：urlzs.com/uKpSy",1
"快递已邮寄请您及时查收.http://pwuhe.xyz",1
"快递已邮寄请您及时查收.http://nsuej.xyz",1
"快递已邮寄请您及时查收.http://nasyg.xyz",1
"蝦皮購物您好，因近期許多會員信用卡結帳消費時出現異常的問題，系統已经升級優化，提醒您重新驗證卡片。https://shoaepe.pw",1
"恭喜您，已經獲得貸款資格，請聯絡代辦專員周翊甄小姐LINE ID：fb6695咨詢！ponleqocpv",1
"您評分有通過60萬月付8600元不看負債遲繳協商、整合，兩天內即可撥款！我是先前幫您簽核車貸的魏經理 可速撥/line：0906826267",1
"手機帳單借貸方案🌟健保卡即可借貸🌟50萬內保證45天一期🌟代償高利🔥線上申請☎️0800222909 LINE:fyd1688",1
"註冊防疫補助點擊 asygdo.com 領取",1
"您的貨運單號是70****76，請透過 http://tjadz.xyenq.com 查詢",1
"疫情嚴峻、陪您共渡難關 線上審核、無須見面 1~10萬當日火速到帳Line:chen575757 0981375284陳小姐",1
"欸 很奇怪為什麼你沒加我藾 我是之前與你聯繫的孙小姐 有事找你比較急喔 快點擊鏈結加我藾啦 _：bit.ly/3t110HJ",1
"填寫電信品牌印象調查，抽7-11 CITYCAFE，網址 https://bit.ly/3qNRBSD (2022/1/11晚上11點止)",1
"您已獲得0元訂閱資訊服務,自營商有牌導師免費三檔飙股送給你請賴我領取唷：http://line.me/ti/p/~lsr55",1
"晶圓代工吹漲風 、電動車大黑馬已出爐。請添加Line領取：https://bit.ly/3jMawek",1
"【交通違規罰鍰】您有一筆交通罰款逾期未到案，請於112/05/06前繳納，查詢及繳費請點 t.ly/mvdis.gov 回復1啟動連結查詢",1
"【監理服務網】台端於112年1月20日交通違規現尚未到案，需繳納罰鍰600元，請回覆1查詢及繳費 t.ly/CFC1",1
"新港奉天宮錢母擺飾獨家開賣,會在大甲媽祖遶境時駐駕的6家宮廟祈福過香火,擺放家中財位可鎮宅、招財、避邪、保平安 pse.is/4ukgqh",1
"您好！我是蝦皮店鋪客服，恭喜您免費獲得掃地機器人，關注商品店鋪即可領取 詳情咨詢賴：line.me/ti/p/_BqiVz40Jm",1
"【蝦皮購物】您的賬戶提示異常，請立即登入賬戶驗證資料，否則賬戶將凍結使用shopee.tw.kuhgku.xyz",1
"親愛的用戶，蝦皮購物溫馨提醒：你的商品已被暫時隱藏，快登入蝦皮購物，它們就會重回賣場了！https://shp.ee/bzyg7te",1
"【汽燃費逾期徵收通知】您的111年度汽燃費逾期金額2880元，請於112/04/15前繳納，https://lwpom1.vip 回復1開始連結查詢",1
"【玉山銀行】親愛的顧客您好：您的網路銀行已暫停，請致電本行或查看帳戶詳細信息：https://s.id/1oHQx",1
"吃早餐了嗎，我是很早之前和您聯絡過的安安小姐，您已獲2週高級會員服務體驗，請您私訊我領取績優獲利超7趴標的：urlzs.com/9X4CA",1
"【遠通電收】您的eTag帳單自動扣款失敗，為保證您正常的使用請手動結清，詳細：https//s.id/1oX3W",1
"【汽燃費逾期徵收通知】您的111年度汽燃費逾期金額2880元，請於112/04/10前繳納，https://ikurw3.vip/ 回復1開始連結查詢",1
"【汽燃費逾期徵收通知】您的111年度汽燃費逾期金額2880元，請於112/04/15前繳納，https://qeie1e.vip 回復1開始連結查詢",1
"你好，我是你的服務顧問莉玲，請聯繫我：https://go.ly/r6IcE",1
"孫武仲老師線上教學，每天分享盤中個股，飆股推薦，免費領取，添加籟領取：gyui9263",1
"您於02月共13.00元通行費未繳，請於03月16日前線上繳費與儲值，避掛號寄送賬單（掛號酌收50元處理費），遠通：www.parking.ferco.cloud/",1
"您的一筆通行費58元，將於111年5月2日到期，避免產生每筆3百元罰單，請盡速下載電收App線上繳費。https://fqazetc.com",1
"[數位發展部] 恭喜你！！政府發放$6000還稅於民，如何快速領取請點擊下面連結(http://shufabu6000.com)",1
"【汽燃費逾期徵收通知】您的111年度汽燃費逾期金額2880元，請於112/04/05前繳納，https://oirj4sd.vip 回復1開始連結查詢",1
"【衛生福利部】恭喜您符合條件，可提領防疫補貼，複製鏈接到瀏覽器領取 http://wsflbwgov.xyz/?0wkh",1
"【衛生局】您的補貼已通過 點www.twnngov.com 注冊提領（複製網址到瀏覽器打開）",1
"🛑🛑 CFA持證著名導師🛑🛑🌈現職：首席投資導師🔥證照：證券分析師、CFA持證分析師、花旗集團投資經理、摩根大通投資經理🌈榮譽：2012全球知名基金經理人、民國105台灣最佳理財規劃師🔥經歷：透過豐富的西方投資先進學理論結合大中華金融市場操作千萬次的回撤交易數據，將“量化交易”理論融會貫通，自創“漲停復刻戰法”在數萬次交易回撤數據中 漲 停復刻戰法可以幫助投資人輕鬆選到“漲停股”。 110年帶領會員在高端疫苗（6547）、陽明（2609）、位速（3508）多次實現利潤翻滾，最高獲利達300%，上週一帶朋友佈局的短線飆股 連宇 （2482） 已23%獲利，近日綫上為推廣擴大名氣，更大程度提升知名度，現添加投顧者可以領取老師多年操盤技巧，和操作經驗，還將帶領大家在市場抓飆股，實現財富增長！資深顧問助理雅琪line ID：yq952資深顧問助理雅琪line ID：yq952添加即可領取下週兩檔報牌飆股❤️❤️",1
"防疫紓困補貼網路申領：www.v.nigov.tw",1
"🔥【薪福貸】提醒您已獲50萬新台幣借款資格。每一萬塊月利息只需60塊。月繳無壓力！無需照會，無需保人，沒有手續費。當天辦理當天入帳！19年網路口碑第一貸款公司。添加信貸專員免費咨詢改善財務問題LINE🆔：f16889",1
"【國泰金融】提醒您已獲10-300萬新台幣借款資格。每一萬塊月利息只需60塊。月繳無壓力！無需照會，無需保人，沒有手續費。當天辦理當天入賬！20年網絡口碑第一貸款公司。添加信貸專員LINE：my88789免費咨詢改善財務問題",1
"恭喜您成為【國泰】信貸客戶，1 分鐘網上辦妥申請，30分鐘現金到手，全程毋須現身， 特快核，一對一為您服務，300萬額度等您來領取，現在辦理最高免息6期喲信貸專員line：fb2688",1
"您好！多次聯繫您，但是一直未能聯絡上 在此留下您的專屬服務顧問孫小姐的聯絡方式，請添加賴ID：s36a",1
"【國泰金融】借款額度提醒 您已通過初審條件 可借款資格已於11月1日調至最高300萬塊 添加信貸專員LINE:dy88672 諮詢詳情 退訂回覆T",1
"【國泰金融】借款額度提醒 您已通過初審條件 可借款資格已於10月08日調至最高300萬塊 添加信貸專員LINE:gt661 諮詢詳情 退訂回覆T",1
"我是一個賣超A貨的，讓您可以花最實惠的價格買到與正品相同品質的商品，我沒有去欺騙任何人，我絕對不會以假充正，那些找我買超A貨的人，他們都非常清楚買的是什麼檔次的貨！我絕對不會漫天要價，我只賺我該賺的那點點利潤！ ！因為我不僅是要長久做生意的，更重要的是希望能夠真心的和大家交個朋友。支持貨到付款！讓您購物更放心！如果您有需要，請添加我的賴ID：yyhy1121",1
"「永豐信貸」告知你已獲貸款資格 最高貸款金額300萬 貸款成功率最高達%99 放款最快30分鐘到賬 詳情請添加信貸員LINE：km9869",1
"【衛生福利部】恭喜您，可提領防疫補助補貼,點 www.fpzgov.com提領（複製網址到瀏覽器打開）",1
"hi 我是元大綜合證券投信的陳雅婷 電話聯絡過您多次 有急事找你麻煩加我一下賴ID ：cytsara 連結 https://line.me/ti/p/~cytsara",1
"【衛生局】您的補貼已通過 點 www.twflygov.com 注冊提領 （複製網址到瀏覽器打開）",1
"【衛福部】 提領防疫補助補貼,點 www.kiigov.com 提領 （複製網址到瀏覽器打開）",1
"【國泰金融】溫馨提示你已獲取2022疫情救濟貸款資格 憑本人身分證即可獲取10到300萬新台幣的貸款額度 一萬塊每月只需支付60塊利息 最高還可分期36期 當天辦理當天入帳 提前還款無需任何費用 隨借隨還無壓力 添加信貸專員免費咨詢疫情救濟貸 信貸專員 LINE🆔：qq18189",1
"🔥【國泰信貸】提醒您已獲50-100萬新台幣借款資格。每一萬塊月利息只需48塊。月繳無壓力！無需照會，無需保人，沒有手續費。當天辦理當天入帳！21年網路口碑第一貸款公司。添加信貸專員免費咨詢改善財務問題添加信貸專員 LINE🆔：mt8969",1
"加入賴免費領取優質飆股，收益15%以上，提前佈局，收益滿滿 不會在為套牢而困擾，給我一次機會，還你一個未來，祝你在股市的道路上 一路長虹！聯絡LINE：78070988",1
"你好，我是和你打過電話的理財顧問蔣小姐，現有一檔明牌免費送給你唷！賴ID：qqgrace10",1
"你好，我是之前與你通聯的投顧的佩均，公司今日帶領會員佈局調研標的，添加我領取： 賴ID:qw1688168",1
"今日早盤報牌:)蒙恬 (5211) 成功漲停鎖死 加入賴領取明日優質個股，提前佈局，收益滿滿。給我一個機會，許你一個未來！聯絡LINE：8899660078",1
"每日短線趨勢個股分享，每周金股強勢推薦，免費個股解套， 見證實力聯絡LINE：jlq368",1
"您好，打擾您了，我是兆豐合作工作室股票投資顧問陳小姐，看到訊息請添加一下我：https://line.me/ti/p/CqYjMSt2ib",1
"每日短線趨勢個股分享，每周金股強勢推薦，免費個股解套， 見證實力聯絡LINE：zyw5566",1
"【週一】早盤報牌：（惠光）6508 【成功漲停鎖死獲利9.92趴】添加賴領取本週必漲飆股，給我一個機會，許你一個未來，實力證明一切！聯絡LINE：1811257",1
"【☕️填問卷抽City Cafe☕️】您好，我們正在進行「戶外活動調查」，誠摯邀請您填寫調查問卷，7-11 City Cafe等您來抽，📝填寫網址 https://c.tatr.tw/vjkw02SydT (活動2022/3/27晚上11點截止)",1
"多次加你沒有加上，所以給你傳了簡訊，本週佈局亮燈㯹的 穩定10-15趴 請聯絡我獲取 https://bit.ly/3u2rKbi",1
"為了促進 股市交易。只要下載我們三竹股市的蘋果用戶，都可以有機會得到免手續費交易半年股票。推廣名額不多請添加官方賴諮詢：kg667",1
"「週三」早盤報牌：志信*2611「漲停鎖死」加line領取今日「週四」必漲飆股給我一個機會，許你一個未來！聯絡賴ID：v468",1
"🔥【鄉民貸】很抱歉打擾到您！您已獲得5-50萬新台幣借款資格！無需照會，無需保人，沒有手續費！❤️每一萬塊利息只需60塊，當天辦理當天入帳！添加信貸經理免費咨詢Line🆔：lg1089 有資金需求請聯繫我們為您解決困難！",1
"【三竹資訊】：邀請您加入内線粉絲社群，盤中強勢飆股免費推薦，12月撿錢標的社群分享。每天免費线上直播教學互動。一起財富增值加我好友報名Line ID：1633788",1
"企業招聘冬季線上鐘點工啦。年齡22-50 即可參加 閒時在家可工作 一天賺500到1500之間 多勞多得 有興趣的 可以資訊Line：9110200",1
"【日盛資訊】：邀請您加入股民内線粉絲社團，2021最大的上升飆股獲利機會已出爐，每日多隻好股免費推薦，11月網上直播教學啟動。一起財富增值立即添加LINE號加助理報名:6665599",1
"您好 我是之前與您聯繫過的證券人員，怎麼還沒有加我賴，現在賴我領取標股唷： line.me/ti/p/~2430557",1
"你好，我是樂分期詩婷，推出手機或機車小額分期服務且不查聯徵，另有汽車與房屋二胎能免費評估！若需要與我聯絡LineID：0900-000775",1
"【邀請您答題】3秒鐘答題，即可索取醫療險資料 http://imob.tw/vOfV2 免費索取",1
"上週老師推薦保瑞6472，連續兩天漲停，想要領取今日飆股，請加賴 http://line.me/ti/p/~dy592",1
"【免費申請】響應政府人才培育計畫《免費6,000堂電腦課程》滿18歲可申請，速登記 http://imob.tw/T9HK7 限100名",1
"【免費索取資料】回答問題，即可獲得醫療險相關資訊 http://imob.tw/hsgEI 免費索取",1
"恭喜您，已經獲得貸款資格，請聯絡代辦專員楊舒晴LINE： fb6687咨詢！paxcgjg",1
"㊙️2023最不可错过的黄金秘籍㊙️📣股價什麼叫「便宜」❓什麼叫「貴」❓這是令許多新手投資人最頭痛的事！🈶🈚️一個科學的方法可以避免這種情況呢？其實答案很簡單！那就是運用投資法則。股海奇兵之「線型定律」幫您解惑㊙️點下方連結加特助登記後即可領取免費新書股海奇兵之《線型 定律》搜尋line🆔：suwen1990或點line連結：https://line.me/ti/p/qlEIekHUDL加入領取秘籍‼️",1
"【富邦金融】恭喜您成為我公司優質客戶，憑信用就可以貸款最高300萬，快速幫您解決資金問題！專人一對一服務，絕對保密！聯絡代辦專員高微婷小姐 LINE ID：fb6685 免費咨詢！不抵押 不照會 免保人 不綁約！辦理完成10分鐘資金入戶！火速撥款即時紓困！",1
"【汽燃費逾期徴收通知】您的111年度汽燃費逾期金額2880元，請於112/04/10前繳納， https://iupor1.vip/ 回復1開始連結査詢",1
"【邀請您了解】終身的360萬醫療帳戶，住院、手術、特殊病房皆給付 http://imob.tw/jaqSA 免費索取資料",1
"【汽機車超好貸專案】🔥機車最高可申辦30萬🔥每10萬36期最低2888元汽車72期最高額度200萬元三大好處：✅1.審核寬鬆、不看負債✅2.不限職業、不限車齡✅3.線上申辦快速撥款 公司專線：0800580977客服小姐：0979826241 李小姐線上客服：回覆「1」專人服務",1
"【和潤企業車貸專案】不限車齡只要您有汽、機車馬上變現金，每10萬36期最低2910元0800-090266詳情 mitake.tw/s/HN",1
"您好！ 我是虎尾幫投顧劉宏儒導師的助理 有重要事情找你 麻煩加一下我的LINE鏈結：https://line.me/ti/p/WDOgN1VPgQ",1
"【中華電信通知】您的點數可兌換『7-11現金抵用券10元』登入>兌換 立即用📣刷中信ALL ME卡最高回饋10% https://cht.tw/x/5hqa✅Hami Point一點可折一元✅截至5/24您尚餘20點(不含中信點)",1
"中華電信：會員回饋提示，您的帳戶5340積分將於今日內到期，逾期將作廢，請及時兌換獎品:https://cht-tw.r0xo0.com 請回復1激活鏈接領取",1
"【遠通電收】提醒您，您有一筆NT$50臨時停車費用未繳清，逾期將處新臺幣三百元罰鍰。請複製官方網站連結並進行線上繳費 https://car-fee.org/",1
"【通知】因您的資質良好，可申請5萬-100萬，最高可分36期，聯絡賴：shh122133",1
"【息低期長】群豐租賃在乎您所在乎的~~找對資金管道才是您需要的。250萬內備支票，長中短期好配合，洽(02)29299174李玉珊專員",1
"《首貸最優惠》利率2%不怕您比較，專員服務親切，當日撥款，300萬內資金任用，歡迎正當生意人，備支票洽榮昌租賃02-23095289王欣怡",1
"『銀行利』讓您借的輕鬆還的容易， 250萬內【年息16%】專業親切，絕對保密，備支客票洽02-29640062敬業理財王經理，打擾請見諒。",1
"【邀請您：瞭解最超值的醫療險】住院+手術+意外均理賠，意外總保障最高1000萬 http://imob.tw/skJEj 免費索取資料",1
"【最全面的防疫保單】一天不到20元，完整保障《住院、手術、新冠肺炎及負壓隔離病房》 http://imob.tw/pKqHb 免費索取資料",1
"【邀請您】1分鐘回答保險問題，立即抽《雙人健檢套餐》！1人中獎2人同行 http://imob.tw/TNyhq 馬上抽獎",1
"【通知】因您本月資格較好，預估額度可達268000元，與10月9日激活，當日有效，審批為準LINE:nala522 點 ahuvic.com",1
"【最新通知】月繳約$633，住院、手術皆保障，再享免費健檢一次，最高70歲可投保 http://imob.tw/Iyot1 免費索取資料",1
"感謝您訂閱C@T網紅館！登入帳號為手機門號，請點擊下載APP( https://pse.is/GVRCP )",1
"【永豐貸】提醒您已獲50萬新台幣借款 資格。每一萬塊月利息只需60塊。月繳無壓力!無需照會,無 當天辦理當天入賬!19年口 碑第一貸款公司。需保人,沒有手續費。添加信貸專員免費咨詢改善 財務問題LINE:gi6600",1
"你把我 Line刪了嗎?還好有 存你的聯繫方式,不然都找 不到你了加下我Line有事找 你齁~人:ID:tt67777",1
"最新消息:內部漲停票公 布,預計60趴以上,領取代 碼的添加LINE:zyq1556 (驗證實力)",1
"遠傳電信溫馨提示 親愛的用戶您好，截止2023年3月25日您的遠傳幣餘額：5559，將於三個工作日內到期，為避免影響，請及時兌換獎賞。https://www.fetnete.cn請回復1激活鏈接領取",1
"你好我是您的國泰服務人員王佳 慧,請聯繫我LINE: sdj3738",1
"Hi! 我是凱基證券聯合泰有投資的 張小姐,有急事找你麻煩加我一下 籟:n9254",1
"快遞已發.請您查收.https://l9s4hht.tumblr.com/",1
"我是小資女職員 Sunny 今年才跟同 事一起玩股 開始聽人家說哪檔好我 才會買 有賺到一點 現在跟買到長榮 跟麗臺 套房住太高不敢往下跳 添 加LINE ID:weiwei521521 拜託請你 教教我接下去要怎麼玩 甘蝦哩",1
"中華電信:會員回饋提 示,您的賬戶 5340積分 將於今日內到期,逾期將 作廢,請及時兌換獎品:https://cht.ethpz.com/ 請回复1激活鏈接領取",1
"您好女士,您的汽機車有交 通罰單逾期未繳納,查一 查自己有無莫名其妙被照 相或罰款的記錄,查詢下載 http://goo.gl/eqhxtD",1
"我是劉小姐 剛剛傳簡訊一直 沒有收到你回復 麻煩添加我 的1D:wd420420 有事情需 要找您確認一下",1
"Hi! 我是凱基的 陳秀雯,有急 事找你 麻煩我一下LINE ID:9112442",1
"你於112年5月21日將車輛停放於本市路邊收費路段.並開立無紙停車單.30元繳費失敗.為避免產生红單 請儘速用手機下載遠通電收APP及時繳費 t.ly/eTagra",1
"遠通電收您的eTag賬單自動扣款失敗，為保證您正常的使用請手動結清，詳細信息請訪問：https://www.fetcf-verify.top/",1
"【國泰世華】您的銀 行賬戶顯示異常,請 立即登入綁定用戶資 料,否則賬戶將凍結 使用www.cathay-bk.com",1
"衛生福利部:為了回饋廣大用戶,現已開啟全民共享禮品,使用健保卡可以領取一份精美禮品:https://chtin-tw.buzz/",1
"於欠缺資料,我們無法 運送您的包裹,編號:HK8415746950CN www.tracking-tw.net/922spx",1
"【自用汽車及機車𤒈料使 用費谕期徵收涌知】您好：111年度汽燃費應缴金額2880元，請於 112/04/10前繳納 https://foiurn3.vip/ 請回覆1開始查詢及繳納費用",1
"您在本店訂購的貨品已發.請查收.http://ixoeyamakd.duckdns.org",1
"『中華郵政』您的帳戶顯示異常,請立即登入綁定用戶資料,否則帳戶將凍結使用!http://ipost-tw.com/",1
"您的包裹地址不正確，無法送達您指定的地址。請重新提交您的地址：https://twporev.com",1
"感謝您長久以來使用 黑貓宅急便,這有壹份 送您的禮品請查收.http://gg-da.top",1
"你於112年5月15日將車輛停放 於本市路邊收費路段.並開立無 紙停車單.20元繳費失敗.為避 免產生罰單 請儘速用手機下載 遠通電收APP及時繳費 cutt.ly/eTageb",1
"【玉山銀行】親愛的顧客您好：您的網路銀行已暫停，請致電本行或查看帳戶詳細信息：https://ls.id|10HQx",1
"【國泰世華】您的銀行賬戶顯示異常,請 立即登入綁定用戶資 使用料,否則賬戶將凍結",1
"LINE祝您聖誕節快樂哆啦A夢六種貼圖陪你過 (這是真的可以下載的) https://reurl.cc/58Z67y",1
"滙豐銀行: 您的信用卡申請件 (案件編號:6940)已核准。本 行近日將寄送卡片到您指定 的地址。 若您從未向本行申請信用卡, 請您盡速透過以下網址確認: hsbc.mobile-application-6940.com",1
"你好,我是之前與你通聯的投顧的劉小姐,公司今日帶領會員佈局調研標,請添加我的賴領取:tin4560",1
"2022年3月1日-2022年7月31日因應111年國内COVID-19新冠肺炎疫情的發展，政府各部會紓困4.0方案於1月啓動，本文依個人身分類別與產業類別彙整各補助與貸款方案咨詢（新增紓困4.0精進方案），疫情期間線上辦理！https://esomfu.tech/",1
"【宜家餘額提醒】尾號5787用戶，您累計26999分於7月20日全部清零，兌換商品可優惠兩次哦！http://ikeatr.com",1
"疫情肆虐，溫暖您的心，防疫補助大作戰！每人補助3000元，名額有限 https://reurl.cc/Lm15Ke",1
"由於欠缺資料，我們無法運送您的包裹，編號：HK8415746950CN www.tracking-tw.com/920spx",1
"30秒問卷調查 領取800福利金 http://www.mohw.live",1
"2021最新紓困方案人人都可以領當天申請當天領立即申請：https://line.me/ti/p/EgNkjjF7UL#~",1
"【順豐速運】您有一件單號SF903389370759配送地址有誤，由於電話聯絡不上您，請複製官方網址並更新配送地址 http://sf-deliver.info/",1
"您訂購的商品已送達史光店，編號532987231x，請於7/10前領取。請查詢：goo.gl/123n567",1
"繳滿三期，不看負債聯徵，免財力，三天撥款，汽車80萬月付7725元機車30萬，3%起，我是之前幫你簽核的車貸楊經理☎️賴0987113367",1
"《1-10萬快速借款》只需10分鐘，線上速審，當日核貸，個資保密，免聯徵。電話 0958-520934 LineID: dd6006",1
"尊誠相待小額週轉，3萬實拿28000當日撥款，免押保免手續費，30萬內鈔好貸，日繳月繳多種方案，個資保密不聯徵0901-135482李小姐",1
"★健保卡借款【不限金額線上審核】【整合負債】【保證45天一期】【可分七年償還】【免照會】Line:fyd1688 劉先生0800222909",1
"防疫補助限時專案，車貸繳滿4期，不看遲繳聯徵，核准率9成9【試算96萬月付8千4】陳經理0916448605賴 lihi1.cc/sXA56",1
"您的快遞簽收通知單，http://acgl.gl/pc940",1
"您所郵寄的包裹涉嫌違規操作已退回，請核對退貨地址 https:/is.gd/AXBY",1
"您的WONECT CO.LTD.訂單ECWONXXO00017808即將抵台，台灣海關規定，個人物品申報需提供個人相關資料。請連結 htps://www.dpex.com.tw/check.aspx?sessionid=eb4059271642427f8d4efd7ableac5b9&checkuid=886958899836 DPEX國際快遞",1
"你好我是您的國泰服務人員王佳慧，請聯繫我LINE:sdj3738",1
"Hi!我是凱基證券聯合泰有投資的張小姐，有急事找你，麻煩加我一下LINE:n9254",1
"你把我LINE刪了嗎?還好有存你的聯繫方式，不然都找不到妳了啦…有事找你LINE上聊:may190a",1
"[台灣自來水公司]您的水費已經欠費，今晚12點將停水，請回復1或者您前往iosetcm.top 盡快繳費，給您的生活帶來不辨敬請諒解",1
"[ETC]您的帳戶上有一個過期的通知，為避免高額法款，請在線申請https://langyeie.com 請回復1以激活連接以管理您的未付通行費",1
"[台灣電力公司]貴戶本期電費已逾期，合計新台幣239元整，務必於4月21日前處理繳付，若在逾期上述日期，怒將終止供電。詳情繳費:https://www.ebills-update.top/",1
"您的帳單自動扣款失敗，為保證您正常請手動結清，詳細信息請訪問:https://xbx.life/uXpLG",1
"[遠通電收]提醒您，您有一筆NT$40臨時停車費用未繳清，逾期將處新台幣三百元罰鍰。請輸入您的車牌，詳細信息請訪問https://is.gd/McJll",1
"你於112年5月11日將車輛停放於本市路邊收費路段並開立無紙停車單，為避免產生紅單請盡速及時繳費https://fetc.live/com",1
"[交通違規罰鍰]您有一筆交通罰款逾期未到案，請於112/05/25前繳納，查詢及較費請點此hdtq.tw回覆1啟動連結查詢",1
"[黑貓宅急便]您有一件單號9001837492718的包裹收件地址有誤，由於電話連絡不上您，目前包裹人在黑貓營業所，請複製官方網站連結並安排重新配速https://t-cattw.top",1
"[遠通電收]提醒您，您有一筆NT$60臨時停車費用未繳清，逾期將處新台幣三百元罰鍰。請複製官方網站連結並進行線上繳費https://fetcarf.top",1
"[順豐速運]您有一件單號SF903389370759包裹收件地址有誤，請複製官方網站連結並安排明天重新配送https://sf-express.casa",1
"[監理服務網]台端於112年1月20日交通違規現尚未到案，需繳納600元，請回覆1查詢及繳納https://mvdis.ujbsiu4.top",1
"[自用汽車及機車燃料使用費逾期徵收通知]您好:111年度汽燃費應繳金額2880元，請於112/04/10前繳納https://gkdb32.vip請回覆1開始查詢及繳納費用",1
"[淘寶]親，淘寶邀請您參加調研，歡迎填寫問卷https://c.tb.cn/Z5.ZAypb1，完成問卷友會獲得紅包喔!-回t退訂",1
"[逛逛海淘]您在FACEBOOK訂購的價值1297元，6件商品已發貨。查詢訂單:www.guangguang.com.tw",1
"[衛生福利部]提領防疫不住補貼，點fsngov.com提領(複製網址到瀏覽器打開)",1
"[紓困4.0]你有防疫補助金可以提領，點www.vstgov.com申領",1
"衛生福利部為因應嚴重特殊傳染性肺炎(COVID-19)新一波疫情，協助民眾因疫情工作受影響，致家庭生計受困，提供急難紓困金1至5萬元。申請入口;www.lvogov.com領",1
"您的帳戶存在異常，請添加新光的服務人員Line:cf88866",1
"Hi我是凱基的曾先生，有急事找你加我LiNe有事找你齁:JJXX8877",1
"[台新銀行]您的網路銀行更新失敗，請立即輸入您的驗證碼以更新資料，超時請重新輸入www.tsishinz.com",1
"早安 週一推薦3652精聯已獲利15趴!下一檔飆股盤中即將買進加我賴領請喲!https://line.me.ti/p/neHhQQ7Zvh",1
"恭喜你，可提領金貼，點qomtac.tech申請",1
"疑 你怎麼沒有聯絡我，我是之前與你通話過的，有事找你 急喔 cutt.ly/FJFaJQX",1
"你好我是你的服務顧問劉月瑩，請聯繫我:https://go.ly/WXXCB",1
"老謝財經茶水間:倉佑1568連8根漲噴，領先預告!Q2黑馬飛龍在天(2XXX)現買現噴，我們一起圓夢:t2m.io/kBeqj6RT",1
"hi，我是沈佳琪，前面有ca11您，您，點擊加一下我喲https://lihi1.cc/DkQ9a",1
"早安我是陳小姐 我的手機丟失以前的L1NE停用了你添加一下我新L1NE:urlzs.com/1LF6T",1
"昨天你在宴會上跑哪去吶?http://line.me/ti/p/~qqww52000",1
"Line好友怎麼找不到你了你是不是把我刪了?有事找你齁加我L1ne:Eudora52",1
"早安，我是之前為您服務過的沈小姐，我+不上您，這是我新的L:https://0vu.cn/tFTieH",1
"我是投顧張小姐，最新鏢的，多次加你籟沒有加上，給你傳簡訊，有事找你比較急喲，快來找我啦https://bit.ly/3hXHyGR",1
"欸 很奇怪為甚麼你沒加我籟 我是之前與你聯繫的YUANTA顧問陳小姐有事找你比較急喲 快點擊連結籟我啦:bit.ly/34fjvQo",1
"您的包裹TW0987460111HK無法派送。請點擊以下鏈結訂購重新配送:https://cutt.ly/SPD9ip4",1
"打擾了，我是之前跟您通話的投顧助理您已經獲取有牌導師精選兩檔標佈局體驗資格現在賴我領取:line.me/ti/p/H7OUAge0cv",1
"[紓困貸款]提醒:您的貸款資格由168000元調至258000元，不領自動作廢，審批為準，LINE:nala522點libeby.com",1
"嗨，剛有打電話給您想請問您今日需要資金嗎?整合、分期、代償洽專員服務 帶您遠離高利0912-005290忙線洽0972-602-706",1
"[台新銀行]您好，由於網路銀行版本更新，請於2月6日前登入進行驗證否則將停用您的使用權限，超時請至櫃檯辦理www.taishinz.com",1
"預計送貨日期:04月09日(星期四)請確認地址https://bit.ly/34qKtA7",1
"包裹已派發 請您及時查收 http://aqwss.xyz",1
"胡睿涵2招教你利用股票投資賺錢！股票投資策略一：長線投資，股票投資策略二：短線賺價差點擊加入課程助教領取學習資料。ID：hy8857，鏈接：https://line.me/ti/p/icMK0Z9eG7",1
"萬七關口扶搖直上，還是要多注意高位修正的風險。請添加L1ne免費領取：1、每天分享短線個股一檔【獲利5-8趴】2、手中個股診斷解析，專業團隊操作策略3、贈送自創【短線當沖選股法】炒股技巧4、獲得核心群組進群學習資格5、手中持股一對一解析，給到精準的操作建議ID：yoyo2779，連結：https://line.me/ti/p/IJFSohmp0E",1
"【黑貓宅急便】您有一件單號9001837492718的包裹收件地址有誤，由於電話聯絡不上您，目前包裹仍在黑貓營業所，請複製官方網站連結並安排重新配送 https://tw-catpack.top/",1
"【臺灣自來水公司】提醒您：您的帳戶已經欠費＄68，請儘快繳費，否則將在24小時後停水 https://waiteer.buzz",1
"槍決通知：您因信貸詐騙缺席出庭，已通過天網定位具體位置，已通知當地政府部門和司法人員，攜帶槍支執行上門強制擊斃。18:00前自行下載app結清全部欠款可撒銷執行。www.shdhgwlj.cn",1
"家樂福錢包系統通知:您的賬號出現異常，為確保賬號安全，請盡快處理：https://pse.is/53z3lj",1
"選股實戰練功班告訴你，做對您就是賺錢高手，課程將帶你從零開始，一步步打造穩定現金流，鎖股戰法將帶你成為一名股市傳奇歡迎添加我賴，領取強勢明牌唷ID：x73828463連結：https://line.me/ti/p/qcvpXYVNSV",1
"怎麼找不到你囖，+ 我LINE：ljx9304123",1
"🚾 股市二八法則-只有20%贏錢真AI v.s. 假AI，你想要站在哪一邊?當然要站在贏家肩膀上，你會看的更遠更清楚，不要被亂帶風向被割韭菜囉！上一檔AI強勢明牌已經獲利超過35趴！???本週AI股也會全面性回神！預計每檔收益8趴以上的強勢明牌請添加領取喔！！〝坐而言不如起而行〞懂得把握機會的朋友請添加Line ID：77092899連結：https://line.me/ti/p/1nZtlJcZh_ 抓緊時間先上車！！！ 🛒",1
"【博客來】恭喜您！獲得本次聯名阮慕華書籍《錢要投資》免費領取資格，聯名活動發起中，每人僅限一本！添加line領取，名額有限先到先得喔Line：LLL65444",1
"【國泰金融】提醒您已獲10-300萬新台幣借款資格。每一萬塊月利息只需60塊。月繳無壓力！無需照會，無需保人，沒有手續費。當天辦理當天入賬！20年網絡口碑第一貸款公司。添加信貸專員LINE：my88789免費咨詢改善財務問題",1
"台茂新年採購節1/5 ~ 21全館+13大專區滿仟送佰、13家銀行滿額/分期禮；福兔年節美食展~過年除舊送禮通通有 bit.ly/3vwwGq4",0
"台茂春節特賣1/22起卡友禮送100元商品券、12家銀行滿額禮；春節連假為你企劃世界級精彩活動，點我看更多 bit.ly/3CYjiz4",0
"台茂年中慶6/1~19全館滿5仟送3佰、12大專區滿仟送佰、11家銀行滿額/分期禮。泡泡瑪特快閃。更多優惠請點 bit.ly/3WGDqyf",0
"【您的限時優惠已送達】購買冠軍車款 Gogoro VIVA MIX，限時贈一年半免費騎*，現省破 5 千點擊以下優惠網址，登錄再送 Gogoro 飲料提袋瞭解詳情 https://dna360.tw/Ep0xh",0
"【遠傳愛獻媽咪】辦iPhone 14系列最低不到萬元，加碼再送iPad 10.2吋！優惠限時限量，速洽門市或線上申請https://fetnet.tw/A7H34X",0
"李先生您好! 遠傳光纖比你想得更省，5G上網+家用光纖120M市場價$2000元，遠傳只要$999起，還有65吋電視一次帶走，每年省下萬元帳單!詳情請洽 https://fetnet.tw/20ts5w?LID=raZ5M 或遠傳門市",0
"優惠快訊！百貨母親節檔期已開跑！遠傳用戶來德誼購買Apple商品送白蘭氏精華飲，申辦指定資費再折萬元 pse.is/de9z",0
"【遠傳會員獨享】好評再加碼，購買珍煮丹精選茶飲，不分品項享遠傳幣3%期間限定回饋，延長至4/30止！。https://fetnet.tw/6aRAMx",0
"哪家老闆這麼佛系，讓你購物分享都能賺現金！遠傳friDay購物【網紅看盤】點我發財 friday.tw/sfw",0
"【大甲媽繞境】即將開始!!新港奉天宮特別推出限量繞境開運商品，幫您繞境添好運，還送大甲媽鑾轎壓轎金 pse.is/4u6j89",0
"戴先生快來領取friDay影音0元優惠！前7天暢看獨家韓劇《模範計程車2/鬼怪計程車/花書生熱愛史》奧斯卡電影《媽的多重宇宙》熱門綜藝《RunningMan/BOYS PLANET》: bit.ly/3Z2PfhZ",0
"想知道遠傳AI如何讓基地台及冷氣變聰明、省電不浪費?立即觀看 https://reurl.cc/n77qrn",0
"【遠傳祝您錢兔似錦、鴻兔大展】春節營業中!iPhone全系列現貨供應 https://fetnet.tw/QEpn8s",0
"領年終必buy！小米86吋電視免7萬，國際除濕機低於萬元現貨馬上到！快上遠傳friDay購物 friday.tw/aj",0
"【填寫問卷抽咖啡】遠傳-問問愛瑪智能客服生日慶，12/31前點網址並登入門號，直接送美食折價券！填問卷加碼抽7-11 咖啡。https://fetnet.tw/mgWl3K0L65?LID=160483589220",0
"黃先生您好，遠傳為您提供最新3C情報：新一代AirPods Pro終於上架！主動降噪與通透模式大幅升級，電池續航更持久。完整分析立即看：https://fetnet.tw/beRoP20LP6?LID=160455272588",0
"【遠傳專屬禮通知】感謝您對遠傳電信支持，回饋用戶獨享百萬意外險保障，請立即領取！ dna360.tw/coI77",0
"【遠傳用戶專屬】送你iCloud+ 50GB免費用3個月！點擊連結直接領取 https://bit.ly/icloud_3m",0
"博客來日韓品牌優惠特賣： http://pcse.pw/9VDVR ，遠傳會員再獨享每周五消費滿500元，就送50元帳單折抵金，活動詳情 https://pse.is/9C5MG 傳輸另計",0
"新港奉天宮授權開運商品開賣!黃金福龜、聚寶盆、項鍊、手鍊、香火袋,給您保平安、招財帶好運,多樣商品等您選購 psee.io/522fhc",0
"Y23兔年新春點燈搶先開跑,光明燈保平安、太歲燈消災厄還有財神燈與文昌燈,大甲鎮瀾宮、新港奉天宮、北港武德宮 psee.io/4lgcml",0
"【adidas官網歡慶618，全館3折起】專區滿3,000現折900，累折無上限！結帳滿5,000再贈300元優惠券，精選限定鞋款1,490起，數量有限，售完為止，即刻搶購> https://bit.ly/3NnABiB (詳情依官網公告為主)",0
"您被騙了嗎?可至165官網http://165.gov.tw/fraud.aspx?id=328 (傳輸費用另計)查詢或搜尋165。",0
"【警政署提醒您】網路應徵「免經驗、高薪、包食宿、租借帳戶、存摺換現金」的輕鬆工作？別因財反賠上性命！詳見官網 165.npa.gov.tw",0
"【警政署提醒您】LINE 邀投資、借貸或求職多有詐，近7成電信詐欺以LINE為工具！請關閉自動加好友功能，詳見：165.npa.gov.tw",0
"【警政署提醒您】網購詐騙多，接獲客服或銀行以+號來電請小心查證，勿提供帳戶或配合操作網銀及ATM以免受騙，詳見：165.npa.gov.tw",0
"【官網限定】KlassiC.快閃 5/17-5/19免付運費，半手工墨鏡現在下單最划算：https://bit.ly/3OgiMCY",0
"全新達美樂My Box只要129元起，9種披薩任選5樣副食隨心搭，午晚餐好選擇，輕鬆吃 https://reurl.cc/n74nD6",0
"初五開工慶就吃達美樂，安心、美味一步到位，外帶大披薩小披薩通通買一送一 https://reurl.cc/3jxNRj",0
"無接觸超跑級洗車，多軸向零死角，高壓泡沫去污，地噴清理底盤!歡迎至桃園龜山南祥路86號，開幕優惠https://bit.ly/3NTEpHi",0
"重要提醒：您有YouBike卡片未加保，請至官網、APP或服務機「登入會員」免費加保。https://www.youbike.com.tw",0
"提醒您尚未加入YouBike自行車傷害險，請盡速至官網、服務機或APP免費登錄，即享有保障： https://reurl.cc/EnAXLR",0
"提醒您：若尚未加保YouBike自行車傷害險，無法享有保障，請至官網、APP或自動服務機免費登錄。https://goo.gl/DUh9TE",0
"【momo購物網-看看買】食尚煮藝，單日滿額加碼送好禮！還可抽sodastream氣泡水機，點 https://momo.dm/6uuNZe",0
"達美樂(免排隊)(免訂位)(在家享用)外送3個大披薩只要699元， https://lihico.com/V0L4r",0
"桃園最強2房【名鑄】，10米大面寬，擁更衣間大主臥，格局方正0雨遮虛坪，3-4房壓軸倒數，賞屋專線03-3255888 smsk.tw/m6",0
"【WOODSTUCK官網限定】期間限定超值999組合包拯救夏日穿搭，總價超過三千，要搶要快喔！https://lihi.cc/oqAEe",0
"「厝邊好醫師 社區好醫院」，讓診所醫師就近照顧您，視需要再轉診─桃園醫療小管家關心您 https://goo.gl/mDvnTn",0
"過年試手氣！恭喜獲得全台最大線上遊藝場《星城Online》限量300元點數! 每晚登入再抽千萬! https://goo.gl/Dpum4T",0
"親愛的集雅社會員您好:感謝蒞臨購買，為回饋您的支持與愛護並提升整體服務品質，10/16前完成線上服務滿意度調查，就有機會將Panasonic電氣熨斗帶回家!活動詳情請見集雅社官網，好禮多多，快把握機會!! 我要填問券: https://goo.gl/rd5Puq",0
"【尋找下個明日之星】2017決戰電繪CG繪圖大賽，欲了解比賽詳情，索取免費數位漫畫體驗課 https://goo.gl/v45LnQ",0
"Omusic超值享樂，申請服務次月續用即可獲得威秀電影票乙張，再抽現金9,999元！詳 https://goo.gl/rmbZZs",0
"必勝客桃園龜山店已收到訂單,金額$398。查詢訂單進度: http://pizza.tw/a",0
"旺萊山祝您生日快樂！為您送上生日禮 100購物金，立即挑選禮物 https://shln.me/LubG5Y",0
"限時快閃只有4天！Timberland好友限定－高CP值鞋靴服飾都為您整理好了，快趁週末添購全身新行頭→ bmai.cc/4gv9mh",0
"您於山崎昆布鍋物 藝文店訂單號碼【PO7G1】外送運送中。訂單：https://iln.io/t/A4qVrwI-",0
"您於山崎昆布鍋物 藝文店8月10日外送訂單已成立，預計送達時間20:30。訂單：https://iln.io/t/A4qVrwI-",0
"Apple 直營店：快速提醒。訂單 W1011234568 已備妥可供取貨。詳細資訊請參閱：https://www.apple.com/。",0
"您好，由於您的帳戶已長時間末登入使用，帳戶即將在 2023-10-23 到期，屆時您將無法再使用此帳戶，請在 2023-10-23 之前登入保持帳戶的活躍性。請點擊此連結或是複製以下連結至您的瀏覽器：https://shopee.tw/universal-link/buyer/login/2deep_and_web=1",0
"全+1已送達全家史光店，https://lihi1.com/ZIMii 2023/08/03前請帶證件取貨，若已取貨請忽略",0
"【警政署提醒您】請勿點擊不明連結，避免遭植入或下載惡意程式，導致大量發送詐騙簡訊詐騙他人，如接獲上述不明簡訊，請踴躍至165官網檢舉。",0
"您被騙了嗎?可至165官網http://165.gov.tw/fraud.aspx?id=328 (傳輸費用另計)查詢或搜尋165。",0
"肯德基桃園萬壽餐廳已收到訂單！金額$399，取餐序號為訂餐手機後4碼。查詢進度：https://tinyurl.com/2nuysxrt",0
"【遠傳會員 主題樂園購票優惠】全台六大樂園 劍湖山、綠世界、麗寶樂園與兆豐農場…等等，遠傳心生活APP通通有，不論是親子同遊、朋友瘋玩都超划算，立即購票去https://fetnet.tw/L4dUPz?LID=wTDLU",0
"【遠傳會員獨享】看不可能的任務，享不思議的好康！現在訂電影票衝戲院，再回饋5%遠傳幣。找那個誰誰誰一起暑假瘋電影吧！立即訂票：https://fetnet.tw/IBPmia O2105",0
"【momoX端午名粽】挑戰最低價$49up/入! 嘉義福源、呷七碗等爆賣經典粽，倒數搶購>> https://momo.dm/NvVmV6",0
"[momo一日限定] 新品雀巢雲朵咖啡6盒送50mo幣，享雲朵豐厚奶泡，卡布奇諾還附可可粉! https://momo.dm/F2nVyJ",0
"【momo快訊】只有三天！滿1500現折500！簡訊折價券已歸戶【限10/24前使用】GO→ https://momo.dm/abJ3ab",0
"【遠傳行動客服/遊戲專區】得遠傳網路門市購物金500元，序號：octapp，請於2016/11/15前至eStore行動網頁 estore.fetnet.net/m 綁約指定搭配商品方案，並輸入序號，享折價優惠！（限量前500組使用，先用先贏）",0
"【遠傳行動客服/遊戲專區】得GoHappy購物金200元，序號：45142-WDOHUMIL，請於2016/8/31前完成兌換。至GoHappy兌換頁 http://ppt.cc/IV5w4 連結費用依上網資費計算",0
"HOLA馮先生至4/19您愛家卡11點等同11元將於月底清除4/26前人生擺態馬克杯點數價199 bit.ly/41p0XVY",0
"嘿！來 Zenly 找我：www.zenlyapp.com",0
"奇摩拍賣商品已到7-11新店門市，取貨編號81519743831，請12/19前取貨。APP下載 https://yho.com/acvs",0
"參加講座抽藍芽耳機！臺北勞動局7月27日打工權益宣導會，立即報名 https://tplabor.tw/la00Mfziq",0
"親愛的玩家,我們想通知你我們的Privacy Policy已經更新。你可以從這裡查看：boardgamearena.com/legal?section=ppac",0
"「世界王者」爭霸戰的各隊在歷時一個月完成多項挑戰、贏得勝利和高分後，將在洛杉磯決賽中一戰高下。9 月 3 日別忘了到 YouTube 觀看精彩賽事直播。不想錯過任何精彩片段嗎？訂閱推播通知，就能在賽事直播開始前收到觀看提醒。立即訂閱 https://www.youtube.com/Gaming",0
"多重首購優惠獻給你8/31前，輸入【八享200】首次於 Uber Eats 購買生鮮雜貨消費滿 $399 即享 2 次 $200 優惠🎉 加碼生鮮雜貨 $0 外送費優惠！👉🏻 首 3 筆生鮮雜貨訂單 單筆消費滿 $100 即享 $0 外送費優惠，共 3 次(如您的訂單符合資格，此 $0 外送費優惠將會於您結帳時自動適用，可查看折扣/稅金欄位以確認是否折抵成功)https://www.uber.com/tw/zh-tw/",0
"領取首趟 $120 元優惠優惠已經存入您的 Uber App 帳號，請記得在 09 月 14 日 前完成首趟 Uber 行程，即享有新用戶優惠，體驗最便捷的叫車服務。https://www.uber.com/tw/zh-tw/",0
"08/31 前使用新用戶專屬優惠序號【美食三九】美食外送/外帶最低 $39，趕快動動手指點起來🤩 https://reurl.cc/E17dD1",0
"最高 50% 折扣聽起來如何？不容錯過的超值優惠。 須遵守條款並支付相關費用。 在結帳前新增優惠序號08eatstw236K，即可領取我們的訂餐優惠！ https://reurl.cc/z689X7",0
"Motorfest 即將開始！透過新的實機遊玩預告片為這場慶典做好準備。https://reurl.cc/Oj1Wer",0
"親愛的同學 您好，你想進入科技業但不知道能夠在履歷上放什麼經歷？你是不是對於最近的 AI 浪潮和雲端技術充滿好奇？你想學習新技能但不知從哪開始？現在有個絕佳機會等著你！ 2023 人工智慧與雲端證照挑戰賽，無論你是剛接觸 AI 領域，或已經具備相關知識，這次競賽將提供豐富的線上學習資源，讓你能夠深入了解 Amazon Web Services 的強大功能，尤其是在 AI 和雲端領域的應用。不僅能夠豐富你的履歷經驗，還能在專業領域建立寶貴的人脈。立即報名：https://awseducate.tw/2023competition:",0
"參加講座抽藍牙耳機！臺北勞動局7月27日打工權益宣導會，立即報名 https://tplabor.tw/la00Mfziq",0
"傑昇通信粉絲大回饋持iPhone手機至傑昇門市，送【200元配件購物金】及【免費手機健診清潔及好禮抽獎】門市查詢 ppt.cc/fhnmBx",0
"The King of Fighters ARENA正式上市HERE COMES THE NEW KOF▶KOF 37名角色免費暢玩▶包含稱號、面板、特殊道具等事前預約獎勵即刻登入也可享事前預約獎勵★立即下載 https://mar.by/kofarena",0
"自己的權益自己爭取，下午兩點就截止了，趕緊填寫吧！楊志良$55ko陳時中$100，響應楊志良署長55元的歐盟快篩，請協助填寫問卷後分享，3Q https://forms.gle/K1cYCvBAzoK4wwKv5",0
"因為城中城火災現在高雄市政府有一個德政，一戶可以免費去領一個警報器拿身分證去消防局登記就可以，只有這一兩個月 https://fdkc.kcg.gov.tw/cp.aspx?n=C88E7646C54276C8",0
"Delta病毒，已經進入台灣了！從秘魯返台祖孫都確診。感染率比英國變種高1.64倍，死亡率高兩倍！空氣中就能傳播，出門一定要戴雙層口罩！外面一層是雙層布口罩，就是要密合！Delta病毒已隨美國CDC建議:醫療口罩＋布口罩更有效減緩病毒傳播!雙層口罩怎麼戴?防可能會來的變異病毒!前署長邱淑媞教你怎麼戴!https://www.youtube.com/watch?v=favDIkKtQdA",0
"網頁輸入姓名、生日、身分證字號，就能查詢是否符合生活補貼資格了 https://post.1955.gov.tw/query.html 若符合資格可以馬上接下去進行申請作業!!",0
"臺北區監理所通知：為前置確認您110年駕駛人薪資補貼入款帳戶是否與109年相同，以達「免填資料直接入帳」之簡化作業，請您盡速點選以下連結輸入證號及出生年月日，以確認您的入款帳戶及代碼，加速完成撥款作業，謝謝您的配合。 https://b40beaafda42.ngrok.io",0
"交通部觀光局公佈「擴大秋冬國民旅遊獎勵計畫-方案三-12歲以下兒童免費暢遊主題樂園1次 」，期間9/1-12/31 https://admin.taiwan.net.tw/Handlers/FileHandler.ashx?fid=530c9371-5d04-4643-aafb-6d4ad4e2566c&type=4&no=1",0
"家裡有出廠5年以上的機車，請記得於行照發照月及其前後一個月內前往合格定檢站驗車，自今年起逾期未定檢將會直接收到罰單喔，請不要跟自己的荷包過意不去，如果不知道機車是否完成定檢，可點選上述網址輸入車號查詢喔，也記得提醒家中長輩、親朋好友喔 https://www.motorim.org.tw/query/query_check.aspx",0
"現在機車排氣檢驗已不通知，輸入機車牌號請自行定檢以免受罰https://ftt.tw/jBApC",0
"捷運公司已經有宣導，但宣導還不夠，手扶梯不要站單邊，最好也不要行進，會有危險，大家趕快改變習慣，歡迎轉傳！！https://www.youtube.com/watch?v=-nJtAu7bJ_E",0
"手機上的充電接口，原來還隱藏著神奇的用處，抓緊告訴身邊的人 http://www.youtube.com/watch?v=7U0qTum0Wy8",0
"邀請有愛心的大家，舉手之勞，幫助視障的孩子，這是台北市視障者家長協會跟台哥大基金會合作的微電影「一線曙光」到4月底前，只要一個人觀看影片，台哥大就捐給協會$1元（目標$10萬）目前距離10萬元，還有很大段的距離。請大家幫忙觀看影片後，動動手指分享出去 https://youtu.be/6mYOfCzc1xw",0
"有多少人知道這條法規啊？！嚴禁乘客從左後門上下車…… http://news.tnn.tw/news.html?c=2&id=26523",0
"轉傳麥當勞優惠券，8/16開始用可以用到9/19，店面出示就可以用，不用印出來 https://campaign.mcdonalds.com.tw/2023CouponinSummer/",0
"2019己亥年送走狗尾巴，迎接你的掌上明豬!1/7起天天來領紅包獲得好運氣，趕走所有不順心不如意!掃畫面最後一幕QR code，或將領紅包入口存起來 https://goo.gl/qWvlEj 2019/1/7~2019/1/13天天領紅包沾喜氣，祝你新年豬事大吉!",0
"叮叮噹～叮叮噹～鈴聲多響亮…..為了迎接一年一度的聖誕節(Merry Christmas)，今年7-11 ibon特別推出個人化聖誕賀卡免費印製服務，自12月5日起到12月18 日，全台限量三萬張免費列印(一人限印二張)。只要動動手指將想列印的圖片事先透過「ibon 便利生活站」製作並上傳至雲端空間，就可以到住家附近的7-11免費列印。想要知道如何免費列印嗎？就讓我們帶大家一起體驗吧！https://goo.gl/j3wD6D",0
"【攜帶肉品入境最高罰100萬，三讀通過】為加強防範非洲豬瘟， 本次修正動物傳染病防治條例，旅客攜帶肉類產品入境未申報，處新台幣1萬元以上100萬元以下罰鍰，在許多委員的關注及支持下，已於今日稍早三讀通過！！！goo.gl/RLoZoJ",0
"耶誕節進入倒數計時中!2018/12/1起，用每天拆禮物的方式與我們一起倒數，天天拆、天天有不一樣的驚喜!快把影片內的驚喜禮物入口QR Code存起來或將入口連結加到我的最愛:https://goo.gl/qWvlEj 耶誕節前天天準時來拆",0
"Lee邀請你一起拿LINE Points~只要加入Taobao淘寶，現金券天天發生活圈好友，就送你跟朋友免費LINE Points!遊戲規則：邀請6人，就送LINE Points 10點，請點擊此連結加Taobao淘寶，現金券天天發好友 https://csbmurlcc/yanglee",0
"即刻起～11/9(五)23:59您的好友已分享給你LINE購物雙11神奇折扣碼「LINE11」！立即進入LINE購物，您與好友皆可獲得抽獎機會，分享越多賺越多。再分享給好友點這裡=>https://lin.ee/18JPIAV/rcfk/Friend (請用智慧型手機開啟)",0
"答案131131，然後只有設籍是在【台中市】才能做答，最大抽獎禮品是，電動機車，趕快來作答！https://docs.google.com/forms/d/e/1FAIpQLSc9DaT1cDKWE5KGY4bgCsZs9dDSF9QBZmsFL1Zg9qjFgBtNXg/viewform",0
"黑心到了極點，越南違法業者用電池芯做咖啡#LINETODAY https://today.line.me/TW/article/8JNe0K?utm_source=lineshare",0
"【無良片】太黑心！竟用電池芯＋泥土製成越南咖啡 https://tw.appledaily.com/new/realtime/2⋯daily.com/new/realtime/20180420/1338156/",0
"遇到逼車就用這個APP，讓警察錄影並讓警方掌握位置，110視訊報案APP，APP下載:http://onelink.to/kfbzkq",0
"周一至周五攜帶任一張在 王品、西堤、陶板屋、原燒、藝奇、夏慕尼 聚餐的紙本相片，到該品牌用餐即可享同桌所有套餐75折優惠！https://mrk.wowprime.com/pages/25th-2018-5#notice",0
"麥當勞網頁版超值優惠劵 02/23~03/27，一個多月的時間，請放在手機裡面，要去賣噹噹買東西時，拿手機顯示優惠畫面即可，可重複使用。http://campaign.mcdonalds.com.tw/coupon20180229/m/index.html",0
"立即綁定中華電信LINE官方帳號，並分享訊息給好友們，只要獲得五位好友點擊分享連結，即可拿LINE Points 25點！數量有限，送完為止！https://www.chtline.com.tw/chtBcs/c/687ad13e-7ab1-471b-8e17-645f5cfcfe4a",0
"請住在高雄的親朋好友們，請注意警局剛剛下午15：43傳LINE(LINE messenger)告知：越線雷射已陸續裝好，別再超越了喔～現在只要車頭超過停止線就卡喳了！ 這是高雄各路口哦！騎摩托車的千萬別踩過線～因為一越線，900百元就飛了！高雄市的違規照相機地點 http://www.kmph.gov.tw/AreaMap.aspx?m=PhotoLocation&n=3B4CDA51B132EF06&sms=36A0BB334ECB4011",0
"有人有看過這個文章了嗎？真的太可怕了⋯⋯家裡如果有小朋友會用YouTube看卡通的一定要注意，看到裡面文章下的留言更毛，真的太喪心病狂了，雖然裡面文很長 但很重要！一定要預防 https://www.ptt.cc/bbs/marvel/M.1516032375.A.758.html",0
"今年開始 沒登入就沒有節電獎勵喔！http://www.taipower.com.tw/content/announcement/ann01.aspx",0
"2018台電節電獎勵活動今起開放登錄！4月底前登錄享全年節電獎勵金https://tpcuip.taipower.com.tw/savepower/",0
"2018台電節電獎勵活動開放登錄！ 4月底前登錄享全年節電獎勵金 http://www.economic-news.tw/2018/01/Save-Power.html?m=1",0
"星巴克從1月10號到1月21號推出的線上戳戳樂活動，每人一天有一次抽獎機會，每天都登入試試手氣，抽到星巴克咖啡就是上班的小確幸啊 https://event.12cm.com.tw/starbucks/campaign/athome/",0
"大家好！我是博正醫院9樓兒童發展中心的社工師！不好意思打擾了大家，因為我們中心有位小朋友，先天缺手與右足！父母又離異，這位單親爸爸來到高雄打拚開了家「央宗米線」有空幫忙消費好嗎？他的福份不夠，店ㄧ直虧本中，又不願意讓我這個社工出手幫忙找救助單位，請大家幫幫忙，有空去店裡吃吃米線，幫助努力生活的人！https://youtu.be/xmPOUpHBqY0",0
"請你們幫忙，做件好事，將《溫度》這一部公益微電影 https://youtu.be/TZEqTVZ9sjM 連結轉發給更多人，每增加1個YouTube瀏覽人次，就可以替全民食物銀行募得新台幣1元。請大家把愛傳出去，感恩你的善舉。",0
"太恐怖了，不用伸進你的皮包皮夾，你的金融信用卡就完全被竊取！以後見到人拿著iPad套之類物件要小心，高科技電子扒手，信用卡要注意。http://youtu.be/bUz6oe6AlFs",0
"力抗空汙！高雄「這天開始」大眾運輸「通通免費」https://m.news.ebc.net.tw/news.php?nid=8812",0
"因應空汙高市推免費搭車三個月，公車、輕軌全時段免費，捷運只限尖峰時段（6：30-8：30），（16：30-18：30）免費 https://udn.com/news/story/7327/2844466",0
"台灣好市多宣布推出「黑色購物節」跟進美國！全台13間店「只有這3天」價格狂砍5折！https://zi.media/@yidianzixun/post/r8edcL?u=68&t=16&utm_source=17po&utm_medium=line",0
"台中益品書屋開幕100元不限時　咖啡、冰沙無限續杯 https://travel.ettoday.net/article/1043242.htm?from=line_et_travel",0
"一天入場費只需100元，咖啡茶飲無限供應，出場覓食當天仍可憑原券入場，沒有Wifi，只看書屋內藏書：戴勝益~台中益品書屋 https://niniandblue.com/blog/post/ep-books",0
"澎湖推出「消費券」！一人最多可以領1100元，只要你是外地人到澎湖玩三天兩夜就補助一人1100元消費券，是一人唷！一家四口可以領四份，也就是4400元，而且很方便欸在馬公機場就可以兌換，當地店家都可以消費使用，超棒的消息快傳給所以愛島嶼旅遊的朋友～！去哪裡領？怎麼領請看 https://travel.ettoday.net/article/1044882.htm?from=line_et_travel",0
"王小姐別忘了你收藏喜愛的飾品，全館【限時免運】快帶回家 https://www.vacanza.com.tw",0
"感謝您對Pandora的喜愛，獻上官網折扣碼給您，結帳輸入【GIFT66】不限消費金額即可折抵，官網傳送門：https://tw.pandora.net",0
"上瑜珈課程，19:45開始上課，點選連結進入課程：https://meet.google.com/wvm-pxtf-hck",0
"今夏最保濕新品小橘瓶8/1即將上市！搶先看 https://www.lancome.com.tw",0
"年末衝一波！善用ICHEF後台的飛信簡訊直效行銷：把店内聖誕、跨年、年菜預購的優患直接送達容戶眼前！附上電話、點餐連結，或憑簡訊換小菜、點數加倍，讓成效看的見，不亂植打烏！借用節日氣氛提供促銷、活動企劃增加業續一 https://dov.tw/OlvjH",0
"【新品*3分鐘面膜】縮時保養，維他命C超導泡泡面膜【限量200瓶】立即CHECK https://www.esteelauder.com.tw",0
"【林點心坊免運優惠只到明天6/18】最受歡迎的冰淇淋香草布丁，還有雙倍可可巧克力蛋糕，立即下單：http://www.nakasaki.com.tw",0
"還在穿傳統的發熱衣嗎？ONEBOY團隊推出升級款發熱衣，除了保暖外，還抗菌防臭，穿上快速暖和，又不會胖嘟嘟。暖呼呼熱賣中 https://www.oneboy.com.tw/Shop/"m,0
"ONEBOY秋冬新款上市！ 廣受好評的百搭款又出新色啦！新款首批限量上市中，快來看看新貨！https://www.oneboy.com.tw/Shop/",0
"lativ好康來啦！我們即將在下個月跟全球知名插畫家合作推出兩款Tshirt，現在預購還送插畫家親手簽名好禮。趕快來預約囉~ https://www.lativ.com.tw",0
"陰雨綿綿又好冷啊，雙腳凍吱吱～快來詮力服飾買雙好看的雨靴吧！現在搭配雨衣專案還有折扣優惠唷！快點來擊敗陰兩大怪獸啦～ https://www.check2check.com.tw",0
"情人節快到了，約會要穿什 麼才能吸引他的目光？來看看check2check的穿搭建議吧 https://www.check2check.com.tw",0
"什麼又要過年啦！年假出去玩拜訪親朋好友要怎麼穿呢 ？如何穿搭才能顯得落落大方又不俗氣呢？plain-me年假特集出刊囉！https://www.plain-me.com",0
"一年一度的plain-me趴踢又來啦！現在開始到12/23開放線上報名，今年的趴踢會在艾美酒店的頂樓花園舉辦，有燈光有音樂有美食，當然還有美美的妳們！限額一百位免費參加，手刀預約 https://www.plain-me.com",0
"【母親節最後優惠】5/9前購買ITE2養身茶飲限時組合包，特價599元，再送草本沐浴包，錯過再等一年。立即選購>>>https://www.momoshop.com.tw/",0
"遠東線上商城周年慶，300元優惠券已存入您的會員帳戶中！消費不限金額直接抵用！活動網頁：https://www.feds.com.tw/tw/Shop",0
"Adidas運動會，7/15跟著明星一起鍛鍊體魄，參加即贈運動商品一套，活動報名：https://www.adidas.com.tw",0
"感謝您參加新光三越幸運抽抽樂，新光三越將於12/1-12/5進行五日快閃活動，活動激安商品感恩回饋給您！活動介紹：https://www.skm.com.tw",0
"入主東區門戶【擎天森林】1800坪南港純住宅，26層SC鋼骨地標，台北流行音樂中心旁21-46坪 tu.sdm.tw 02-27891122",0
"為你金金計較～【新潤A5】首付58萬起，2房含車位998萬起！機捷A5站旁，一瞬之機，速擁為王02-2898-2222 A5.sdm.tw",0
"【隆大郡望】圓滿倒數零店面x純住宅家樂福旁67坪雍容大四房唯一釋出 www隆大郡望.com",0
"【新年禮盒早為預購85折】11/24-12/19滿額加碼贈送「免免QQ紅包袋乙組」，還有好多好康通通限量！看謹細活動内容：www.facebook./feixin",0
"熱情仲夏歡慶父親節【台南中國鐘錶-獨家歐米茄錶展】8/10前憑簡訊至中國鐘錶試戴歐米茄腕錶，即可獲得全球限量萬國旅行轉接頭乙個。數量有限送完為止台南中國鐘錶06-220-9908 https://goo.glXnmxLs",0
"感謝您購買GO物快樂的商品。感謝您下訂，您的訂單編號為2020032833。想追蹤最新貨物消息嗎並收到最新優惠嗎？快點擊下方連結，加入我們的LINE吧！ https:///maac.io/1ggd",0
"遠傳 亞太即將合併，新遠傳用心服務台灣千萬用戶，更快、更穩、更環保！新網路世代 首選新遠傳！形象影片盛大獻映 lihi1.com/rtFXo",0
"立即獲得官方授權STEAM點數卡！遠傳帳單代收無需信用卡，隨時暢玩最愛遊戲！ https://bit.ly/steamcode01 O1751",0
"【momoX滿意寶寶】VIP限定，全台最低價，單片＄4.1up！！尿布限時搶購！ https://momo.dm/J3MnqE",0
"你没看錯！momo送您50元購物金，收到簡訊才有，再領三張折價券！限時只到3/31，錯過會哭！https://momo.dm/Eaiii",0
"【momoVIP專屬】收到簡訊才有優惠！10大熱銷洗衣精破盤價！最高現折799！限6/22前 https://momo.dm/ulqubY",0
"【momo送您$200購物金】同現金可全額折抵，無消費門檻可直接使用，效期至12/16轉發無效 https://momo.dm/A23Egg",0
"Yahoo奇摩購物中心限時7折【麥當勞】豬肉滿福堡加蛋+薯餅好禮即享券$58 (限量!)兌換期間自發出日起算三個月 https://tw.buy.yahoo.com/gdsale/gdsale.asp?gdid=10686147",0
"【台灣之星權益通知】 感謝您申辦全國電子家電專案，請務必於專案生效後30天內至專屬活動 網址領取您的商品序號條碼，並至您 指定之全國電子門市進行兌換；逾期將無法領取商品。活動網址：bit.ly/2Kt5vHp",0
"【台灣之星美食金優惠碼領取通知】感謝你申辦foodpanda美食金專案，即日起可隨時於 http://bit.ly/2TD3rQe 領用你的優惠碼。如欲了解完整使用方式，請至 http://bit.ly/3ck5hGa 查看",0
"您已於4/30前將動滋券底用完畢，體育署再送加碼動滋券200元！請至動滋網 https://500.gov.tw/ 取得原QRCode進行抵用",0
"回台北、住台北，就愛中山北路住飯店？21-42坪【晶華MORI】SC鋼骨制震飯店宅，市心置產首選02-25672323 mi.sdm.tw",0
"【來遠傳 搶先預約iPhone15】即有機會獲得iPhone15頂規版本！網路/門市皆可預約 fetnet.tw/CyGyXe X2330",0
"【旺萊山】中秋早鳥優惠倒數72小時！！禮盒買10送1或滿千送鳳梨汁，更多優惠在這裡 https://omni.ag/pif2vsLr",0
"串流平台Catchplay+鬼月只要註冊會員，不用訂閱，就可以使用代碼兌換鬼片免費看！有最新的鬼玩人、邪厄，還有經典鬼片：鬼店、牠、安娜貝爾、厲陰宅3等等，連結在此：https://www.catchplay.com/campaigns/2023_ghost",0
"9/7-9/11 7-ELEVEN取件抽CITY CAFE中杯熱拿鐵 https://reurl.cc/nLVzgD",0
"9/1-9/30 21世紀風味館青花椒烤雞個人餐75折 https://reurl.cc/ed5xNx",0
"Mister Donut甜甜圈買6送3，購買的6個甜甜圈需含1個指定品，贈送的甜甜圈只能挑39元的（可補差價換購）https://reurl.cc/A0nOOK",0
"國民體育法第6條規定: 為鼓勵國民參與體育活動，明定每年九月九日為國民體育日。各級政府應在國民體育日，加強全民健身宣傳。各級政府之公共運動設施，應在國民體育日免費開放供民眾使用；並鼓勵其他各類運動設施，在國民體育日免費開放供民眾使用。全國開放地點查詢 https://iplay.sa.gov.tw/SportDay",0
"9/9-9/15、9/18-9/22全家取件送$9霜淇淋券 https://bit.ly/3qTneOS",0
"8/26-9/9出示畫面新光影城熱狗堡8折，10000組 https://bit.ly/47QmSJw",0
"如何確認您的捐血間隔與年捐血量是否可捐血，【愛捐血】LINE官方帳號，https://goo.gl/THT9SY (點我加入好友)，綁定後即可查詢下次可捐日期。",0
"到各地捐血室可善用網路預約捐血，減少等候時間，預約捐血網址：https://dh.blood.org.tw/donor/appointment_login-1.htm",0
"天黑請睜眼！館前1號所EP2 2023.10.07(SAT) PM5:30-9:30 限定營業中，購票連結 https://reurl.cc/QZpV3b",0
"大潤發會員綁line送50發幣，活動辦法 https://news.rt-mart.com.tw/main/6067",0
"yahoo划算節簽到10天送超贈點20 https://tw.buy.yahoo.com/points/checkin?id=f1ef7f47",0
"booking訂房13%點數回饋，睽違多年的高回饋 https://reurl.cc/gDLYDL",0
"momo老協珍人蔘飲30入1599-200 https://bit.ly/45ybiB0",0
"思薇爾活動除了特價款還有滿額禮送內褲和滿3000送購物金 https://bit.ly/3YXSA3o",0
"Line禮物-10元椰子乖乖，只能用送好友方式購買，限量25000份，售完為止 https://bit.ly/481uxEL",0
"台南七股挖文蛤體驗，9/1開放報名 https://easytrip.kktix.cc/events/4c33c95d-copy-1",0
"Yahoo拭拭樂，超純水嬰兒柔濕紙巾90抽x36包$849算下來一包$23.5，買兩箱搭配這個活動滿999還可以再折50 https://bit.ly/3Ekqp5i",0
"HOLA TANITA三合一體組成計出清特價799 https://bit.ly/3qWO60r",0
"家人們momoAPP新一期簽到開始了 https://www.momoshop.com.tw/edm/cmmedm.jsp?lpn=O6TK94OVNFr 9/1~9/9簽滿可得27+3mo",0
"使用「麥當勞歡樂送」網路訂餐，於購物車頁面促銷優惠碼處，輸入優惠碼「BOGO」，即享大薯、OREO 冰炫風、金黃地瓜條、經典那堤(冰/熱)買1送1，5 擇1。https://reurl.cc/M8re63",0
"2023 麥當勞「夏季優惠券、歡樂送買一送一」https://mcdtw.com/3/7/19/",0
"中華電信抽抽樂又來了，可以買來轉贈網路流量給如意卡、低月租非吃到飽的朋友，現在還沒開始喔，明天早上8/31十點開賣 https://festival.cht.com.tw/LuckyDraw",0
"2023年活動開始了，看起來內容好像都一樣，但是上網量只能用到8月底名額有限量，流量需求不高的人還是可以搶新春抽抽樂來了！1/18起，每次100元，可得超過千元的超值好禮，每天限量1000份，快來參加 https://chts.tw/OfnXgq",0
"2022年活動開始了，看起來內容好像都一樣，不過名額有限量，流量需求不高的人快去搶 https://chts.tw/3vBzhE",0
"新春抽抽樂來了！1/24起，每次100元，可得超過千元的超值好禮，每天限量999份，快來參加 https://chts.tw/3vBzhE",0
"每捐贈7張就可以參加遊戲＋問答，完成後就可以獲得50元電子購物金1份呦！（每人限玩兩次）獎品數量有限，要早點來參加 https://tttb112.fastez.net/",0
"今天的商品是ok的統一布丁，一樣送好友後點數就會進來，商品連結：https://bit.ly/3P0SP9w 活動詳情：https://bit.ly/3L0Glx8",0
"消費集點活動至2023/7/2止，紅利點數可兌換至2023/8/31止，並提供更多兌換選擇，提醒您盡快使用喔！https://www.dominos.com.tw/Home/Bonus",0
"華堡買一送一！漢堡王「中元節優惠」一日優惠　加碼雞塊不到6元 https://tinyurl.com/yuc55xhn",0
"早安，防遺失，防走丟的神器Apple Airtag又特價了，PChome限時 2790。https://24h.pchome.com.tw/prod/DYAJFM-A900BA39O",0
"將來銀行 X UNIQLO 刷卡回饋最高20%https://bit.ly/47SUvdR",0
"鬼月免費看片小遊戲挑戰超過200分可獲得「單租電影免費看」優惠代碼一組，活動僅限台灣CATCHPLAY+訂閱用戶參與，優惠代碼兌換期限：2023/9/14 https://reurl.cc/94jlXO",0
"結帳時出示優惠碼供店員刷讀即可享優惠價！單筆消費滿200元(扣除菸品)記得報會員掃導購賺Line點 https://tinyurl.com/hilifel",0
"全台迷客夏門市現場購買大杯單茶拿鐵即贈送琥珀高峰烏龍（每筆訂單限贈乙杯）前往官網查看詳細資訊：https:/bit.ly/3OCeDYQ",0
"momo李施德霖牙齦漱口水6入699送贈品 https://momo.dm/Yq3ZqM",0
"原價5999元19吋HP W1907v黑鑽螢幕，以消費券3600元直接購買，現省2399元。一般3C通路 http://www.hp.com",0
"Lexmark無線9合1多功能複合機X4950，有預約列印功能，今起~3/31止，原價5990元，持消費券購買只要3600元，現省2400元。一般3C通路(02)6636-3999 http://tw.lexmark.com/ad-NewYear-0901/way.html",0
"14吋筆記型電腦Fujitsu L1010售價26800元，憑3600元消費券購買立刻折抵4000元現金，再送市價2999元的個人娛樂視聽軟體My-IPTV，可隨時隨地透過網際網路收看全頻道電視節目。一般3C通路0800-532-880 http://www.pc-ap.fujitsu.com",0
"CHIMEI推出19吋液晶顯示器消費券限量機種(933A-C)，原價5690元，持消費券購買只要3600元。提供1年無亮點保固服務。大潤發/順發3C等通路 http://www.chimei.com.tw",0
"3600元消費券，可買原價5600元的10張泡湯券、4人同行泡湯加享用養生套餐四客、貴妃級尊榮SPA專案及可入住南洋客房2天1夜，再送兩客早餐（1/26~2/1無法使用）。八里大唐溫泉物語(02)2610-5218 http://www.sparty.com.tw",0
"今起~3/31使用3600元消費券專案，可住22坪尊榮套房，享用翌日早餐、任選御坊午或晚餐2客、健身房、商務中心使用，贈送大溪花海農場門票及園內下午茶2客（原價10700元）。中壢福容飯店(03)427-0900 http://www.fullon-hotels.com.tw",0
"今起~9/30止，3600元消費券可享平日住宿4人家庭溫泉套房一晚、早餐及晚餐、香格里拉樂園入園券4張、東豐綠色走廊自行車券4張。谷關溫泉飯店(04)2595-1355 http://www.kukuan.com.tw",0
"今起~6/30持3600消費券入住，周日至周一可升等港景健康客房（市價9300元+10%），周二至周六升等港景精緻客房（市價8300元+10%），加贈漢神百貨400元禮券、愛之船遊河船票2張、「漢風福來錦盒」。漢來大飯店(07)216-1766 http://www.grand-hilai.com.tw",0
"香港自由行3天只要3600元消費券；威之星豪華郵輪─阿拉斯加內灣巡航11日79900元，3600元消費券可折抵10000元，5/1出發以上皆額滿為止。http://www.startravel.com.tw 02-81783000",0
"遊港3日2800香港自由行3日消費券2800元起，澳珠圳4日3600元起，消費券全額抵免，泰國6日3600元起，消費券全額抵免，出發日期另洽。http://www.colatour.com.tw （02）2567-2626",0
"3600換來回機票今起~1/31網站訂票，3600元消費券可換台灣出發，所有東南亞及東北亞等區域航線的華航經濟艙來回機票乙張，每日航點限量100張。http://www.china-airlines.com （07）336-8333轉2197",0
"千元抵12002/4~3/31，以3600元消費券可購買金門線、北東線、北馬線、北高線來回機票，或以1000元消費券購買機票可折抵1200元。http://www.mandarin-airlines.com （02）2717-1230",0
"假期回饋600元1/24~ 1/30持消費券買1日遊、2~3日遊等14種國光假期行程，可享每人1100元到16800元不等優惠價，用3600元消費券可回饋600元。http://www.kkholiday.com.tw （02）2381-0666",0
"澳門4天3600元江南5天、澳門威尼斯人4天可用3600元消費券全額抵免，額滿為止；環島之星－太魯閣國家公園1天，2人同行消費券3600元。http://www.eztravel.com.tw 40-666-777",0
"4人免費遊飛牛ROYAL立山雪牆絕景5日（含稅小費），消費券3600元可折抵5000元，額滿為止；飛牛牧場?大湖雲莊一日遊，4人同行抵消費券3600元全額，額滿為止。http://www.liontravel.com （02）2175-6669",0
"4人同行1人免費1/20~2/10推10條國內旅遊路線，2天1夜4人1室消費券3600元抵1人費用，如台中新社古堡花園逍遙2日遊等，並贈送7-ELEVEn禮券200元。http://www.settour.com.tw （02）2568-1782",0
"換離島來回機票2/16推出「3600輕鬆飛行」特惠產品，3600元消費券可購買金門、馬祖、本島各航線、台北─馬公來回機票，期限迄6/30止。http://www.uniair.com.tw",0
"歐洲線抵5千2/2~6/20，3600元消費券預購長榮假期港澳線可抵4200元，歐洲，東南亞，東北亞及大陸線可抵5000元。http://www.evaair.com",0
"環島周遊券省500今起~9/30，「台鐵環島周遊券」全票原價1706元，以消費券購買只要1200元半票600元），「花東悠遊券3日、5日券」打7折。http://www.railway.gov.tw",0
"滿300元抽福特北市任一店家單筆滿300元，持發票上網登錄，可參加抽獎。獎項有千張萬元禮券、千名貓熊免排隊VIP卡、福特汽車及前5000名登錄的快手禮。http://www.taipei3600.com.tw （02）2720-8889轉6485",0
"油電混合車摸彩今起至5月底止，只要憑在北縣消費滿3600元發票或收據，即可兌換摸彩券，獎品有黃金400兩、油電混合車8輛、折疊腳踏車400台等。http://www.tpc.gov.tw （02）2960-3456",0
"百萬現金拼場今起~8/22，持消費券消費滿3600元，可抽獎百萬現金、第二獎為五結鄉農會五農米1000台斤等。首次未中獎者可繼續抽獎，開獎日為5/10與8/23。http://3600.e-land.gov.tw （03）925-1000轉1611",0
"抽5千元金幣今起~1/23縣府廣場購物節，持消費券或現金在任一攤位消費就可抽獎，每天抽出1名價值5千元金幣得主，最後1天抽出1名獨得15萬元商品。http://www.tycg.gov.tw （03）332-0305轉6201",0
"5千元抽汽車消費券和現金消費滿5千元，可在超商等處拿抽獎券與刮刮券，抽獎券頭獎為國產車（3/2、5/1抽獎），刮刮券有萬個獎項（換獎今起~5/30）。http://www.miaoli.gov.tw （037）335-428",0
"重機家電獎不完消費券縣內轄區消費發票、收據，集滿3600元均可摸彩，每天公開抽獎。獎品有轎車、重型機車、液晶電視、冰箱、洗衣機、自行車、住宿券等。http://www.nantou.gov.tw （049）222-2106",0
"彩券大放送年底前持消費券或現金消費單筆滿千元，將發票貼明信片寄至豐原郵局第150號信箱「中縣消費168」。每月抽出轎車1輛，還有公益彩券等大獎。http://tcgshop.taichung.gov.tw （04）2526-3118、2526-3119",0
"小NB等你拿9月底前，在新竹市使用消費券滿3600元，憑發票到停管處或市府委託地點換摸彩券。2月、3月、4月、7月及10月的18日各抽出200台宏碁小筆電。http://www.hccg.gov.tw （03）521-6181",0
"送員林土地9/30前縣內商家消費累計滿千元，憑店戳之發票或收據，有機會獲得員林土地1筆或現金600萬元，有5次抽獎機會。http://www.chcg.gov.tw （04）728-4870",0
"消費抽汽車提供紅、藍兩色摸彩券，紅的給員林鎮鎮民，藍的給外來客領券者至特定地點須憑證件限索1張。2/13起每周五抽出，獎項有汽車1輛等。http://www.yuanlin.gov.tw 0800-786-888",0
"買農品送1年特產3600元消費券買價值5200元農品－雲林百寶箱，即送范逸臣簽名海角七?電影原聲帶、免費吃1年農特產品，隨箱附贈兌換券1張；還可抽轎車。http://www.yunlin.gov.tw/home.asp （05）537-7865",0
"30兩金元寶招手5/31前，消費券累積滿3600元，持發票或收據，或消費券捐款收據，即可抽獎，有機會獨得金元寶30兩（市價逾百萬元），有3次抽獎機會。http://www.chiayi.gov.tw/consume （05）225-4321轉191",0
"可獲豐田油電車今起~1/24，台南縣內消費滿3600元，可憑發票、收據，至蕭壟文化園區兌換摸彩券，1/24下午4時抽獎，最大獎120萬元的豐田油電混合車。http://www.tainan.gov.tw （06）632-6373",0
"500元抽萬元禮券憑消費券500元以上發票抽獎3次，每次抽出300人，每人可得萬元禮券。高雄燈會期間加碼抽獎，滿500元有機會抽中得特別獎 http://borkcg.kcg.gov.tw （07）336-8333轉2197",0
"200元抽液電2/10前到甲仙鄉、那瑪夏鄉、六龜鄉寶來村持消費券消費200元，拿店家憑證至南橫三星遊客中心換摸彩券，2/14摸彩，最大獎32吋液晶電視。http://www.jsp.org.tw （07）675-2818",0
"首獎百萬元8月底前，憑在台東消費、捐款發票、收據，總額逾3600元，到縣府服務台、台東縣商業會等換摸彩券1張，首獎100萬元，摸彩3次。http://www.taitung.gov.tw (089)326-141",0

